FALSEc,SKU1,SKU2,SKU3,SKU,Product Department,Category,Item / Service,Unit,Base Minimums,Base Cost,Target Margin Mark-Up (%),Suggested Price,Client Price,Actual Margin (%),Notes,Client Price 2026,% Increase,
TRUE,CORP_,ADDON_,PLUNGETOWEL1,CORP_ ADDON_ PLUNGETOWEL1,Corporate Events,Add-ons & Enhancements,Barton Springs_Towel Service (Hotel Provided),Flat Fee,n/a,$80.00,40%,$133.33,$150.00,53%,,$200,33.33%,
TRUE,CORP_,ADDON_,PLUNGETOWEL2,CORP_ ADDON_ PLUNGETOWEL2,Corporate Events,Add-ons & Enhancements,Barton Springs_Towel Service (Swift Provided),Per Person,n/a,$6.00,40%,$10.00,$10.00,40%,,$15,50.00%,
TRUE,CORP_,ADDON_,EOTOWELS,CORP_ ADDON_ EOTOWELS,Corporate Events,Add-ons & Enhancements,Chilled Essential Oil Towel Service,Per Person,$50 minimum contract total,$2.00,40%,$3.33,$3.00,30%,Never less than $50 total on any contract***,$4.00,33.33%,
TRUE,CORP_,ADDON_,CUSTOMROUTE,CORP_ ADDON_ CUSTOMROUTE,Corporate Events,Add-ons & Enhancements,Custom Route Creation,Flat Fee,n/a,$100.00,40%,$166.67,$500.00,240%,"For Tours, Runs, Excursions, Etc. ",$500,0.00%,
TRUE,CORP_,ADDON_,LIVEMUSIC,CORP_ ADDON_ LIVEMUSIC,Corporate Events,Add-ons & Enhancements,DJ / Live Music,Per Hour,2,$150.00,40%,$250.00,$250.00,40%,varies on the musician,350,40.00%,
TRUE,CORP_,ADDON_,SMOOTHIEBAR,CORP_ ADDON_ SMOOTHIEBAR,Corporate Events,Add-ons & Enhancements,Fresh Smoothie Bar Service (Onsite),Per Hour,2,$50.00,40%,$83.33,$125.00,90%,*does not include actual smoothies - only includes the service per hour,$150.00,20.00%,
TRUE,CORP_,ADDON_,SMOOTHIE,CORP_ ADDON_ SMOOTHIE,Corporate Events,Add-ons & Enhancements,Fresh Smoothies (Onsite),Per Person,10,$6.00,40%,$10.00,$10.00,40%,*Must be paired with the Fresh Smoothie Bar Service (Onsite) Charge per hour (2 hr min) - 10 Smoothie Minimum,$12.00,20.00%,
TRUE,CORP_,ADDON_,GGBREAK,CORP_ ADDON_ GGBREAK,Corporate Events,Add-ons & Enhancements,Grab & Go Breakfast Bar,Per Person,10,$12.00,40%,$20.00,$20.00,40%,,$24.00,20.00%,
TRUE,CORP_,ADDON_,GGJUICE,CORP_ ADDON_ GGJUICE,Corporate Events,Add-ons & Enhancements,Grab & Go Fresh Pressed Bottled Juices,Per Person,10,$5.00,40%,$8.33,$10.00,60%,,$12.00,20.00%,
TRUE,CORP_,ADDON_,GGHYDRATE,CORP_ ADDON_ GGHYDRATE,Corporate Events,Add-ons & Enhancements,Grab & Go Hydration Refreshment Station ,Per Person,10,$3.00,40%,$5.00,$5.00,40%,,$6.00,20.00%,
TRUE,CORP_,ADDON_,GGSNACK,CORP_ ADDON_ GGSNACK,Corporate Events,Add-ons & Enhancements,Grab & Go Nourishing Snack Bar,Per Person,10,$6.00,40%,$10.00,$10.00,40%,,$12.00,20.00%,
TRUE,CORP_,ADDON_,GGSMOOTHIE,CORP_ ADDON_ GGSMOOTHIE,Corporate Events,Add-ons & Enhancements,Grab & Go Smoothies (Pre-Made),Per Person,10,$6.00,40%,$10.00,$12.00,60%,* Can be stand alone - no service fee required,$14.40,20.00%,
TRUE,CORP_,ADDON_,EYEPILLOW,CORP_ ADDON_ EYEPILLOW,Corporate Events,Add-ons & Enhancements,Lavender Eye Pillows,Per Person,n/a,$10.00,40%,$16.67,$15.00,30%,,$18.00,20.00%,
TRUE,CORP_,ADDON_,BIBCUSTOM,CORP_ ADDON_ BIBCUSTOM,Corporate Events,Add-ons & Enhancements,Runs & Walks_ Bibs (Customized),Per Person,n/a,$0.50,40%,$0.83,$1.00,60%,,$1.50,50.00%,
TRUE,CORP_,ADDON_,BIBSIMPLE,CORP_ ADDON_ BIBSIMPLE,Corporate Events,Add-ons & Enhancements,Runs & Walks_ Bibs (Simple),Per Person,n/a,$0.25,40%,$0.42,$1.00,180%,,$1.00,0.00%,
TRUE,CORP_,ADDON_,RUNCONE,CORP_ ADDON_ RUNCONE,Corporate Events,Add-ons & Enhancements,Runs & Walks_ Cone Rental & Set-Up,Flat Fee,n/a,$750.00,40%,"$1,250.00",$750.00,0%,,$750,0.00%,
TRUE,CORP_,ADDON_,RUNEMT,CORP_ ADDON_ RUNEMT,Corporate Events,Add-ons & Enhancements,Runs & Walks_ EMTs,Per Hour,1 EMT,$150.00,40%,$250.00,$150.00,0%,"per EMT per hour, minimum hours vary",$200,33.33%,
TRUE,CORP_,ADDON_,MEDALS,CORP_ ADDON_ MEDALS,Corporate Events,Add-ons & Enhancements,Runs & Walks_ Medals,Per Person,n/a,$10.00,40%,$16.67,$15.00,30%,,$20.00,33.33%,
TRUE,CORP_,ADDON_,RUNPOLICE,CORP_ ADDON_ RUNPOLICE,Corporate Events,Add-ons & Enhancements,Runs & Walks_ Police Detail,Flat Fee,n/a,$750.00,40%,"$1,250.00",$750.00,0%,,"$1,250",66.67%,
TRUE,CORP_,ADDON_,RUNPOSTRECOVER,CORP_ ADDON_ RUNPOSTRECOVER,Corporate Events,Add-ons & Enhancements,"Runs & Walks_ Post- Race Recovery (2 Cold Plunges, 4 Hyperice)",Per Hour,n/a,$300.00,40%,$500.00,$500.00,40%,,"$2,550.00",410.00%,
TRUE,CORP_,ADDON_,TRUSS,CORP_ ADDON_ TRUSS,Corporate Events,Add-ons & Enhancements,Runs & Walks_ Start/Finish Truss - Basic,Flat Fee,n/a,$250.00,40%,$416.67,$600.00,84%,,$600,0.00%,
TRUE,CORP_,ADDON_,TRUSSCUSTOM,CORP_ ADDON_ TRUSSCUSTOM,Corporate Events,Add-ons & Enhancements,Runs & Walks_ Start/Finish Truss - Customized,Flat Fee,n/a,$350.00,40%,$583.33,"$1,000.00",111%,,"$1,000.00",0.00%,
TRUE,CORP_,ADDON_,RUNVENUERENT2,CORP_ ADDON_ RUNVENUERENT2,Corporate Events,Add-ons & Enhancements,Runs & Walks_ Venue Rental (Fairground),Flat Fee,n/a,"$1,000.00",40%,"$1,666.67","$1,500.00",30%,Only charge if the end time is 9pm or later**,"$1,800.00",20.00%,
TRUE,CORP_,ADDON_,RUNVENUERENT3,CORP_ ADDON_ RUNVENUERENT3,Corporate Events,Add-ons & Enhancements,Runs & Walks_ Venue Rental (Other),Flat Fee,n/a,$0.00,40%,$0.00,$0.00,#DIV/0!,,$0.00,#DIV/0!,
TRUE,CORP_,ADDON_,RUNVENUERENT1,CORP_ ADDON_ RUNVENUERENT1,Corporate Events,Add-ons & Enhancements,Runs & Walks_ Venue Rental (The Driveway),Flat Fee,n/a,"$2,500.00",40%,"$4,166.67","$3,500.00",24%,,"$4,000",14.29%,
TRUE,CORP_,ADDON_,PODIUM,CORP_ ADDON_ PODIUM,Corporate Events,Add-ons & Enhancements,Runs & Walks_ Winners Podium,Flat Fee,n/a,$50.00,40%,$83.33,$400.00,420%,,$500,25.00%,
TRUE,CORP_,WELLACTIV_,ASTROLOGY1,CORP_ WELLACTIV_ ASTROLOGY1,Corporate Events,Onsite & Offsite Activations,Astrology Readings - 1 Reader,Per Hour,2,$125.00,40%,$208.33,$225.00,48%,(4-6) Guests Per Hour,$350,55.56%,
TRUE,CORP_,WELLACTIV_,AURAPHOTO,CORP_ WELLACTIV_ AURAPHOTO,Corporate Events,Onsite & Offsite Activations,Aura Photography,Per Hour,2,"$1,000.00",40%,"$1,666.67","$1,600.00",36%,Express Service for up to 20 people per hour,"$1,920.00",20.00%,
TRUE,CORP_,WELLACTIV_,BBQBAR,CORP_ WELLACTIV_ BBQBAR,Corporate Events,Onsite & Offsite Activations,BBQ Spice Dry Rub Bar,Per Hour,2,$300.00,40%,$500.00,$550.00,50%,Up to 30 people per hour,$650,18.18%,
TRUE,CORP_,ADDON_,DRIVEWAYPP,CORP_ ADDON_ DRIVEWAYPP,Corporate Events,Add-ons & Enhancements,Runs & Walks_The Driveway Per Person Fee,Per Person,,,,,$3.00,,,$3,,
TRUE,CORP_,ADDON_,SFETOWELS,CORP_ ADDON_ SFETOWELS,Corporate Events,Add-ons & Enhancements,Swift Fit Events Sweat Towels,Per Person,n/a,$4.00,40%,$6.67,$6.00,30%,,$10,66.67%,
TRUE,CORP_,ADDON_,ULTIMATEWATER,CORP_ ADDON_ ULTIMATEWATER,Corporate Events,Add-ons & Enhancements,Ultimate Hydration Water Station,Per Person,n/a,$3.00,40%,$5.00,$4.50,30%,,$5.40,20.00%,
TRUE,CORP_,COMPETE_,SPEEDNET1,CORP_ COMPETE_ SPEEDNET1,Corporate Events,Competition & Connection,Speed Networking (up to 50 participants),Flat Fee,20,$900.00,40%,"$1,500.00","$1,500.00",40%,,"$1,800.00",20.00%,
TRUE,CORP_,COMPETE_,SPEEDNET2,CORP_ COMPETE_ SPEEDNET2,Corporate Events,Competition & Connection,Speed Networking (Per Participant over 50),Per Person,50,$18.00,40%,$30.00,$30.00,40%,,$36.00,20.00%,
TRUE,CORP_,EXCTOUR_,PLUNGE5,CORP_ EXCTOUR_ PLUNGE5,Corporate Events,Excursions & Tours,Barton Springs Hike & Plunge (10-19 participants),Per Person,10,$25.00,40%,$41.67,$60.00,84%,Includes Entry Fees to Park,$70.00,16.67%,
TRUE,CORP_,EXCTOUR_,PLUNGE6,CORP_ EXCTOUR_ PLUNGE6,Corporate Events,Excursions & Tours,Barton Springs Hike & Plunge (20-29 participants),Per Person,20,$22.00,40%,$36.67,$55.00,90%,Includes Entry Fees to Park,$65.00,18.18%,
TRUE,CORP_,EXCTOUR_,PLUNGE7,CORP_ EXCTOUR_ PLUNGE7,Corporate Events,Excursions & Tours,Barton Springs Hike & Plunge (30-39 participants),Per Person,30,$20.00,40%,$33.33,$50.00,90%,Includes Entry Fees to Park,$60.00,20.00%,
TRUE,CORP_,EXCTOUR_,PLUNGE8,CORP_ EXCTOUR_ PLUNGE8,Corporate Events,Excursions & Tours,Barton Springs Hike & Plunge (40-50 participants),Per Person,40,$18.00,40%,$30.00,$45.00,90%,Includes Entry Fees to Park,$55.00,22.22%,
TRUE,CORP_,EXCTOUR_,PLUNGE1,CORP_ EXCTOUR_ PLUNGE1,Corporate Events,Excursions & Tours,Barton Springs Wellness Plunge (10-19 participants),Per Person,10,$18.00,40%,$30.00,$45.00,90%,Includes Entry Fees to Park,$55.00,22.22%,
TRUE,CORP_,EXCTOUR_,PLUNGE2,CORP_ EXCTOUR_ PLUNGE2,Corporate Events,Excursions & Tours,Barton Springs Wellness Plunge (20-29 participants),Per Person,20,$15.00,40%,$25.00,$40.00,100%,Includes Entry Fees to Park,$50.00,25.00%,
TRUE,CORP_,EXCTOUR_,PLUNGE3,CORP_ EXCTOUR_ PLUNGE3,Corporate Events,Excursions & Tours,Barton Springs Wellness Plunge (30-39 participants),Per Person,30,$12.00,40%,$20.00,$35.00,115%,Includes Entry Fees to Park,$45.00,28.57%,
TRUE,CORP_,EXCTOUR_,PLUNGE4,CORP_ EXCTOUR_ PLUNGE4,Corporate Events,Excursions & Tours,Barton Springs Wellness Plunge (40-50 participants),Per Person,40,$10.00,40%,$16.67,$30.00,120%,Includes Entry Fees to Park,$40.00,33.33%,
TRUE,CORP_,ADDON_,BIKETRANSPORT,CORP_ ADDON_ BIKETRANSPORT,Corporate Events,Excursions & Tours,Bike Tour _ Bike Transportation Service,Flat Fee,n/a,$10.00,40%,$16.67,$25.00,90%,based on quote from BSBR,$0.00,#REF!,
TRUE,CORP_,ADDON_,BIKESTORAGE,CORP_ ADDON_ BIKESTORAGE,Corporate Events,Excursions & Tours,Bike Tour _ Overnight Rental / Storage Service,Flat Fee,n/a,$0.00,40%,$0.00,$0.00,#DIV/0!,based on quote from BSBR,$0.00,#DIV/0!,
TRUE,CORP_,EXCTOUR_,EBIKE,CORP_ EXCTOUR_ EBIKE,Corporate Events,Excursions & Tours,Electric Bike Tour,Per Person,10,$73.00,40%,$121.67,$130.00,47%,,$142.00,9.23%,
TRUE,CORP_,EXCTOUR_,HIKELOCAL1,CORP_ EXCTOUR_ HIKELOCAL1,Corporate Events,Excursions & Tours,Guided Wellness Hike - Local (10-19 participants),Per Person,10,$31.00,40%,$51.67,$60.00,56%,,$66.00,10.00%,
TRUE,CORP_,EXCTOUR_,HIKELOCAL2,CORP_ EXCTOUR_ HIKELOCAL2,Corporate Events,Excursions & Tours,Guided Wellness Hike - Local (20-29 participants),Per Person,20,$28.00,40%,$46.67,$55.00,58%,,$61.00,10.91%,
TRUE,CORP_,EXCTOUR_,HIKELOCAL3,CORP_ EXCTOUR_ HIKELOCAL3,Corporate Events,Excursions & Tours,Guided Wellness Hike - Local (30-39 participants),Per Person,30,$25.00,40%,$41.67,$50.00,60%,,$55.00,10.00%,
TRUE,CORP_,EXCTOUR_,HIKELOCAL4,CORP_ EXCTOUR_ HIKELOCAL4,Corporate Events,Excursions & Tours,Guided Wellness Hike - Local (40-49 participants),Per Person,40,$22.00,40%,$36.67,$45.00,63%,,$50.00,11.11%,
TRUE,CORP_,EXCTOUR_,HIKELOCAL5,CORP_ EXCTOUR_ HIKELOCAL5,Corporate Events,Excursions & Tours,Guided Wellness Hike - Local (50+ participants),Per Person,50,$20.00,40%,$33.33,$40.00,60%,,$45.00,12.50%,
TRUE,CORP_,EXCTOUR_,HIKEREGIONAL1,CORP_ EXCTOUR_ HIKEREGIONAL1,Corporate Events,Excursions & Tours,Guided Wellness Hike - Regional (10-19 participants),Per Person,10,$33.00,40%,$55.00,$65.00,58%,,$72.00,10.77%,
TRUE,CORP_,EXCTOUR_,HIKEREGIONAL2,CORP_ EXCTOUR_ HIKEREGIONAL2,Corporate Events,Excursions & Tours,Guided Wellness Hike - Regional (20-29 participants),Per Person,20,$30.00,40%,$50.00,$60.00,60%,,$67.00,11.67%,
TRUE,CORP_,EXCTOUR_,HIKEREGIONAL3,CORP_ EXCTOUR_ HIKEREGIONAL3,Corporate Events,Excursions & Tours,Guided Wellness Hike - Regional (30-39 participants),Per Person,30,$27.00,40%,$45.00,$55.00,62%,,$61.00,10.91%,
TRUE,CORP_,EXCTOUR_,HIKEREGIONAL4,CORP_ EXCTOUR_ HIKEREGIONAL4,Corporate Events,Excursions & Tours,Guided Wellness Hike - Regional (40-49 participants),Per Person,40,$24.00,40%,$40.00,$50.00,65%,,$56.00,12.00%,
TRUE,CORP_,EXCTOUR_,HIKEREGIONAL5,CORP_ EXCTOUR_ HIKEREGIONAL5,Corporate Events,Excursions & Tours,Guided Wellness Hike - Regional (50+ participants),Per Person,50,$21.00,40%,$35.00,$45.00,69%,,$51.00,13.33%,
TRUE,CORP_,EXCTOUR_,KAYPADDTOUR,CORP_ EXCTOUR_ KAYPADDTOUR,Corporate Events,Excursions & Tours,Kayak & Paddleboard Combo Tour,Per Person,10,$48.00,40%,$80.00,$70.00,28%,,$84.00,20.00%,
TRUE,CORP_,EXCTOUR_,KAYAKTOUR,CORP_ EXCTOUR_ KAYAKTOUR,Corporate Events,Excursions & Tours,Kayak Tour,Per Person,10,$43.00,40%,$71.67,$65.00,31%,,$78.00,20.00%,
TRUE,CORP_,EXCTOUR_,PADDSOUNDBTH,CORP_ EXCTOUR_ PADDSOUNDBTH,Corporate Events,Excursions & Tours,Paddleboard Sound Bath,Per Person,10,$50.00,40%,$83.33,$75.00,30%,,$90.00,20.00%,
TRUE,CORP_,EXCTOUR_,PADDLETOUR,CORP_ EXCTOUR_ PADDLETOUR,Corporate Events,Excursions & Tours,Paddleboard Tour,Per Person,10,$48.00,40%,$80.00,$70.00,28%,,$84.00,20.00%,
TRUE,CORP_,EXCTOUR_,PADDYOGA,CORP_ EXCTOUR_ PADDYOGA,Corporate Events,Excursions & Tours,Paddleboard Yoga,Per Person,10,$50.00,40%,$83.33,$75.00,30%,,$90.00,20.00%,
TRUE,CORP_,EXCTOUR_,PEDALBIKE,CORP_ EXCTOUR_ PEDALBIKE,Corporate Events,Excursions & Tours,Pedal Bike Tour,Per Person,10,$53.00,40%,$88.33,$90.00,42%,,$100.00,11.11%,
TRUE,CORP_,EXCTOUR_,RUNWALKTOUR1,CORP_ EXCTOUR_ RUNWALKTOUR1,Corporate Events,Excursions & Tours,Running & Walking Tour (10-19 participants),Per Person,10,$28.00,40%,$46.67,$50.00,47%,,$58.00,16.00%,
TRUE,CORP_,EXCTOUR_,RUNWALKTOUR2,CORP_ EXCTOUR_ RUNWALKTOUR2,Corporate Events,Excursions & Tours,Running & Walking Tour (20-29 participants),Per Person,20,$25.00,40%,$41.67,$45.00,48%,,$52.00,15.56%,
TRUE,CORP_,EXCTOUR_,RUNWALKTOUR3,CORP_ EXCTOUR_ RUNWALKTOUR3,Corporate Events,Excursions & Tours,Running & Walking Tour (30-39 participants),Per Person,30,$22.00,40%,$36.67,$40.00,49%,,$46.00,15.00%,
TRUE,CORP_,EXCTOUR_,RUNWALKTOUR4,CORP_ EXCTOUR_ RUNWALKTOUR4,Corporate Events,Excursions & Tours,Running & Walking Tour (40-49 participants),Per Person,40,$20.00,40%,$33.33,$35.00,45%,,$40.00,14.29%,
TRUE,CORP_,EXCTOUR_,RUNWALKTOUR5,CORP_ EXCTOUR_ RUNWALKTOUR5,Corporate Events,Excursions & Tours,Running & Walking Tour (50+ participants),Per Person,50,$17.00,40%,$28.33,$30.00,46%,,$34.00,13.33%,
TRUE,CORP_,EXCTOUR_,RUNTOUR1,CORP_ EXCTOUR_ RUNTOUR1,Corporate Events,Excursions & Tours,Running Tour (10-19 participants),Per Person,10,$23.00,40%,$38.33,$40.00,44%,10 min mile run,$48.00,20.00%,
TRUE,CORP_,EXCTOUR_,RUNTOUR2,CORP_ EXCTOUR_ RUNTOUR2,Corporate Events,Excursions & Tours,Running Tour (20-29 participants),Per Person,20,$20.00,40%,$33.33,$35.00,45%,10 min mile run,$42.00,20.00%,
TRUE,CORP_,EXCTOUR_,RUNTOUR3,CORP_ EXCTOUR_ RUNTOUR3,Corporate Events,Excursions & Tours,Running Tour (30-39 participants),Per Person,30,$17.00,40%,$28.33,$30.00,46%,10 min mile run,$36.00,20.00%,
TRUE,CORP_,EXCTOUR_,RUNTOUR4,CORP_ EXCTOUR_ RUNTOUR4,Corporate Events,Excursions & Tours,Running Tour (40-49 participants),Per Person,40,$15.00,40%,$25.00,$25.00,40%,10 min mile run,$30.00,20.00%,
TRUE,CORP_,EXCTOUR_,RUNTOUR5,CORP_ EXCTOUR_ RUNTOUR5,Corporate Events,Excursions & Tours,Running Tour (50+ participants),Per Person,50,$12.00,40%,$20.00,$20.00,40%,10 min mile run,$24.00,20.00%,
TRUE,CORP_,EXCTOUR_,WALKTOUR1,CORP_ EXCTOUR_ WALKTOUR1,Corporate Events,Excursions & Tours,Walking Tour (10-19 participants),Per Person,10,$23.00,40%,$38.33,$40.00,44%,,$48.00,20.00%,
TRUE,CORP_,EXCTOUR_,WALKTOUR2,CORP_ EXCTOUR_ WALKTOUR2,Corporate Events,Excursions & Tours,Walking Tour (20-29 participants),Per Person,20,$20.00,40%,$33.33,$35.00,45%,,$42.00,20.00%,
TRUE,CORP_,EXCTOUR_,WALKTOUR3,CORP_ EXCTOUR_ WALKTOUR3,Corporate Events,Excursions & Tours,Walking Tour (30-39 participants),Per Person,30,$17.00,40%,$28.33,$30.00,46%,,$36.00,20.00%,
TRUE,CORP_,EXCTOUR_,WALKTOUR4,CORP_ EXCTOUR_ WALKTOUR4,Corporate Events,Excursions & Tours,Walking Tour (40-49 participants),Per Person,40,$15.00,40%,$25.00,$25.00,40%,,$30.00,20.00%,
TRUE,CORP_,EXCTOUR_,WALKTOUR5,CORP_ EXCTOUR_ WALKTOUR5,Corporate Events,Excursions & Tours,Walking Tour (50+ participants),Per Person,50,$12.00,40%,$20.00,$20.00,40%,,$24.00,20.00%,
TRUE,CORP_,FEE_,EVNTMANAGE,CORP_ FEE_ EVNTMANAGE,Corporate Events,Fees,Event Coordination & Management Fee,Flat Fee,n/a,$0.00,40%,$0.00,$0.00,#DIV/0!,,$0.00,#DIV/0!,
TRUE,CORP_,FEE_,PERMIT,CORP_ FEE_ PERMIT,Corporate Events,Fees,Permitting Fee,Flat Fee,n/a,$0.00,40%,$0.00,$0.00,#DIV/0!,Minimum *NEED documentation about them being charged the actual permit bill,$500,#DIV/0!,
TRUE,CORP_,FEE_,TRAVEL,CORP_ FEE_ TRAVEL,Corporate Events,Fees,Travel Fee,Flat Fee,n/a,$0.00,40%,$0.00,$0.00,#DIV/0!,Use Travel Calculator,$0.00,#DIV/0!,
TRUE,CORP_,FEE_,RUSH,CORP_ FEE_ RUSH,Corporate Events,Fees,Rush Contract Fee,Flat Fee,n/a,$0.00,40%,$0.00,$0.00,#DIV/0!,10% upcharge if less than 2 weeks out (Considerations apply in certain cases),$0.00,#DIV/0!,
TRUE,CORP_,RUNWALK_,FUNRUNBASE,CORP_ RUNWALK_ FUNRUNBASE,Corporate Events,Fun Runs & Walks,Fun Run & Walk 5K Expereince Base Cost,Flat Fee,10,,,,"$3,200.00",#DIV/0!,,"$3,500.00",9.38%,
TRUE,CORP_,RUNWALK_,FUNRUN1,CORP_ RUNWALK_ FUNRUN1,Corporate Events,Fun Runs & Walks,Fun Run & Walk 5K (10-49),Per Person,10,$26.00,40%,$43.33,$40.00,32%,,$44.00,10.00%,
TRUE,CORP_,RUNWALK_,FUNRUN2,CORP_ RUNWALK_ FUNRUN2,Corporate Events,Fun Runs & Walks,Fun Run & Walk 5K (50-99),Per Person,50,$21.00,40%,$35.00,$35.00,40%,,$39.00,11.43%,
TRUE,CORP_,RUNWALK_,FUNRUN3,CORP_ RUNWALK_ FUNRUN3,Corporate Events,Fun Runs & Walks,Fun Run & Walk 5K (100-199),Per Person,100,$18.00,40%,$30.00,$30.00,40%,,$34.00,13.33%,
TRUE,CORP_,RUNWALK_,FUNRUN4,CORP_ RUNWALK_ FUNRUN4,Corporate Events,Fun Runs & Walks,Fun Run & Walk 5K (200-499),Per Person,200,$15.00,40%,$25.00,$25.00,40%,,$29.00,16.00%,
TRUE,CORP_,RUNWALK_,COMPETEBASE,CORP_ RUNWALK_ COMPETEBASE,Corporate Events,Fun Runs & Walks,Competitive Race 5K Experience Base Cost,Flat Fee,,,,,,,,"$5,550",,
TRUE,CORP_,RUNWALK_,COMPETE1,CORP_ RUNWALK_ COMPETE1,Corporate Events,Fun Runs & Walks,Competitive Race 5K (10-49),Per Person,10,$26.00,40%,$43.33,$40.00,32%,,$44.00,10.00%,
TRUE,CORP_,RUNWALK_,COMPETE2,CORP_ RUNWALK_ COMPETE2,Corporate Events,Fun Runs & Walks,Competitive Race 5K (50-99),Per Person,50,$21.00,40%,$35.00,$35.00,40%,,$39.00,11.43%,
TRUE,CORP_,RUNWALK_,COMPETE3,CORP_ RUNWALK_ COMPETE3,Corporate Events,Fun Runs & Walks,Competitive Race 5K (100-199),Per Person,100,$18.00,40%,$30.00,$30.00,40%,,$34.00,13.33%,
TRUE,CORP_,RUNWALK_,COMPETE4,CORP_ RUNWALK_ COMPETE4,Corporate Events,Fun Runs & Walks,Competitive Race 5K (200-499),Per Person,200,$15.00,40%,$25.00,$25.00,40%,,$39.00,56.00%,
TRUE,CORP_,RUNWALK_,RUNCLUB1,CORP_ RUNWALK_ RUNCLUB1,Corporate Events,Fun Runs & Walks,Swift's Run Club Experience (up to 25 participants),Flat Fee,10,$250.00,40%,$416.67,$450.00,48%,,$800,77.78%,
TRUE,CORP_,RUNWALK_,RUNCLUB2,CORP_ RUNWALK_ RUNCLUB2,Corporate Events,Fun Runs & Walks,Swift's Run Club Experience (up to 50 participants),Flat Fee,26,$300.00,40%,$500.00,$550.00,50%,,"$1,425",159.09%,
TRUE,CORP_,RUNWALK_,RUNCLUB3,CORP_ RUNWALK_ RUNCLUB3,Corporate Events,Fun Runs & Walks,Swift's Run Club Experience (up to 75 participants),Flat Fee,51,$500.00,40%,$833.33,$850.00,42%,,"$2,050.00",141.18%,
TRUE,CORP_,RUNWALK_,RUNCLUB4,CORP_ RUNWALK_ RUNCLUB4,Corporate Events,Fun Runs & Walks,Swift's Run Club Experience (Per Person Over 75),Per Person,,,,,,,,$25.00,,
TRUE,CORP_,ADDON_,BLENDERBIKE,CORP_ ADDON_ BLENDERBIKE,Corporate Events,Onsite & Offsite Activations,Blender Bike Activation & Photo-op,Per Hour,2,$120.00,40%,$200.00,$200.00,40%,Includes Water & Food Coloring ONLY,$250,25.00%,
TRUE,CORP_,ADDON_,ELECTROBIKE,CORP_ ADDON_ ELECTROBIKE,Corporate Events,Onsite & Offsite Activations,Blender Bikes - Blend Your Own Electrolytes,Per Hour,2,$210.00,40%,$350.00,$350.00,40%,Serves up to 30 people per hour (no additional lines items needed),$400,14.29%,
TRUE,CORP_,ADDON_,SMOOTHIEBIKE,CORP_ ADDON_ SMOOTHIEBIKE,Corporate Events,Onsite & Offsite Activations,Blender Bikes - Blend Your Own Smoothie,Per Hour,2,$120.00,40%,$200.00,$200.00,40%,15 ppl per hour per bike **Must be paired with per person service:   + Fresh Smoothies (Onsite),$400,100.00%,
TRUE,CORP_,WELLACTIV_,BODYSCRUBBAR,CORP_ WELLACTIV_ BODYSCRUBBAR,Corporate Events,Onsite & Offsite Activations,Body Scrub Making Bar,Per Hour,2,$225.00,40%,$375.00,$450.00,60%,Up to 30 people per hour,$600,33.33%,
TRUE,CORP_,WELLACTIV_,CHAIRMASS1,CORP_ WELLACTIV_ CHAIRMASS1,Corporate Events,Onsite & Offsite Activations,Chair Massage Station - 1 Chair,Per Hour,2,$150.00,40%,$250.00,$250.00,40%,up to 5 people per hour per chair,$300.00,20.00%,
TRUE,CORP_,WELLACTIV_,CHAIRMASS2,CORP_ WELLACTIV_ CHAIRMASS2,Corporate Events,Onsite & Offsite Activations,Chair Massage Station - 2 Chairs,Per Hour,2,$300.00,40%,$500.00,$500.00,40%,up to 5 people per hour per chair,$600.00,20.00%,
TRUE,CORP_,WELLACTIV_,CHAIRMASS3,CORP_ WELLACTIV_ CHAIRMASS3,Corporate Events,Onsite & Offsite Activations,Chair Massage Station - 3 Chairs,Per Hour,2,$450.00,40%,$750.00,$750.00,40%,up to 5 people per hour per chair,$900.00,20.00%,
TRUE,CORP_,WELLACTIV_,CHAIRMASS4,CORP_ WELLACTIV_ CHAIRMASS4,Corporate Events,Onsite & Offsite Activations,Chair Massage Station - 4 Chairs,Per Hour,2,$600.00,40%,"$1,000.00","$1,000.00",40%,up to 5 people per hour per chair,"$1,200.00",20.00%,
TRUE,CORP_,WELLACTIV_,COLDPLUNGE,CORP_ WELLACTIV_ COLDPLUNGE,Corporate Events,Onsite & Offsite Activations,Cold Therapy Plunge,Per Hour,2,$175.00,40%,$291.67,$400.00,77%,"Per plunge, per hour, 2 hr min (ice and set up included)",$480.00,20.00%,
TRUE,CORP_,WELLACTIV_,COMPRESS,CORP_ WELLACTIV_ COMPRESS,Corporate Events,Onsite & Offsite Activations,Compression Therapy Chairs,Per Hour,2,$50.00,40%,$83.33,$250.00,240%,up to 15 people per hour,$350,40.00%,
TRUE,CORP_,WELLACTIV_,CRYSAL,CORP_ WELLACTIV_ CRYSAL,Corporate Events,Onsite & Offsite Activations,Crystal & Energy Cleansing Booth,Per Hour,2,$250.00,40%,$416.67,$450.00,48%,Up to 30 people per hour,$550,22.22%,
TRUE,CORP_,WELLACTIV_,EARSEED,CORP_ WELLACTIV_ EARSEED,Corporate Events,Onsite & Offsite Activations,Ear Seeding Acupressure,Per Hour,2,$150.00,40%,$250.00,$250.00,40%,Up to 15 participants per hour,$350,40.00%,
TRUE,CORP_,WELLACTIV_,EOBLENDBAR,CORP_ WELLACTIV_ EOBLENDBAR,Corporate Events,Onsite & Offsite Activations,Essential Oil Blending Bar,Per Hour,2,$180.00,40%,$300.00,$400.00,73%,Up to 35 people per hour; Option between personal roller bottles or hanging diffusers,$550,37.50%,
TRUE,CORP_,WELLACTIV_,HANDMASS1,CORP_ WELLACTIV_ HANDMASS1,Corporate Events,Onsite & Offsite Activations,Express Hand Massage - 1 Station,Per Hour,2,$150.00,40%,$250.00,$250.00,40%,7-10 people per hour per station (5-7 minute hand massage w/ 1-2 transition),$300.00,20.00%,
TRUE,CORP_,WELLACTIV_,HANDMASS2,CORP_ WELLACTIV_ HANDMASS2,Corporate Events,Onsite & Offsite Activations,Express Hand Massage - 2 Stations,Per Hour,2,$300.00,40%,$500.00,$500.00,40%,7-10 people per hour per station (5-7 minute hand massage w/ 1-2 transition),$600.00,20.00%,
TRUE,CORP_,WELLACTIV_,HANDMASS3,CORP_ WELLACTIV_ HANDMASS3,Corporate Events,Onsite & Offsite Activations,Express Hand Massage - 3 Stations,Per Hour,2,$450.00,40%,$750.00,$750.00,40%,7-10 people per hour per station (5-7 minute hand massage w/ 1-2 transition),$900.00,20.00%,
TRUE,CORP_,WELLACTIV_,HANDMASS4,CORP_ WELLACTIV_ HANDMASS4,Corporate Events,Onsite & Offsite Activations,Express Hand Massage - 4 Stations,Per Hour,2,$600.00,40%,"$1,000.00","$1,000.00",40%,7-10 people per hour per station (5-7 minute hand massage w/ 1-2 transition),"$1,200.00",20.00%,
TRUE,CORP_,WELLACTIV_,TEABAR,CORP_ WELLACTIV_ TEABAR,Corporate Events,Onsite & Offsite Activations,Herbal Tea Blending Bar,Per Hour,2,$350.00,40%,$583.33,$600.00,43%,Up to 30 people per hour; 2 Hour Min,$700,16.67%,
TRUE,CORP_,WELLACTIV_,IVSERVICE,CORP_ WELLACTIV_ IVSERVICE,Corporate Events,Onsite & Offsite Activations,IV Hydration Drip Service,Per Hour,2,$125.00,40%,$208.33,$200.00,36%,*does not include actual drips only includes the service and nurse fees,$500,150.00%,
TRUE,CORP_,WELLACTIV_,IVDRIP,CORP_ WELLACTIV_ IVDRIP,Corporate Events,Onsite & Offsite Activations,IV Hydration Drips (Per Drip),Per Person,10,$75.00,40%,$125.00,$150.00,60%,*Must be paired with the IV Hydration Drip Service Charge per hour (2 hr min) - 8 Drip Min -  *Pricing based on Nova Vita Basic Infusion Pricing @$75 per bag,$180.00,20.00%,
TRUE,CORP_,WELLACTIV_,LIPSCRUBBAR,CORP_ WELLACTIV_ LIPSCRUBBAR,Corporate Events,Onsite & Offsite Activations,Lip Scrub Making Bar,Per Hour,2,$225.00,40%,$375.00,$450.00,60%,Up to 30 people per hour,$600,33.33%,
TRUE,CORP_,WELLACTIV_,MOCKTAILS1,CORP_ WELLACTIV_ MOCKTAILS1,Corporate Events,Onsite & Offsite Activations,Mocktail Pop-Up Bar_(1-50 People),Flat Fee,10,$400.00,40%,$666.67,$600.00,30%,*Must include service Charge with This Option,$700.00,16.67%,
TRUE,CORP_,WELLACTIV_,MOCKTAILS3,CORP_ WELLACTIV_ MOCKTAILS3,Corporate Events,Onsite & Offsite Activations,Mocktail Pop-Up Bar_Per Person (101-200),Per Person,10,$10.00,40%,$16.67,$17.00,42%,*Must include service Charge with This Option,$20.40,20.00%,
TRUE,CORP_,WELLACTIV_,MOCKTAILS4,CORP_ WELLACTIV_ MOCKTAILS4,Corporate Events,Onsite & Offsite Activations,Mocktail Pop-Up Bar_Per Person (200+),Per Person,10,$12.00,40%,$20.00,$20.00,40%,*Must include service Charge with This Option,$24.00,20.00%,
TRUE,CORP_,WELLACTIV_,MOCKTAILS2,CORP_ WELLACTIV_ MOCKTAILS2,Corporate Events,Onsite & Offsite Activations,Mocktail Pop-Up Bar_Per Person (51-100),Per Person,10,$8.00,40%,$13.33,$14.00,45%,*Must include service Charge with This Option,$16.80,20.00%,
TRUE,CORP_,WELLACTIV_,MOCKTAILSERVICE3,CORP_ WELLACTIV_ MOCKTAILSERVICE3,Corporate Events,Onsite & Offsite Activations,Mocktail Pop-Up Bar_Service Charge (120+ guests),Per Hour,2,$125.00,40%,$208.33,$215.00,43%,4 bartenders + materials (drinks not included) - 4 hour max,$250.00,16.28%,
TRUE,CORP_,WELLACTIV_,MOCKTAILSERVICE2,CORP_ WELLACTIV_ MOCKTAILSERVICE2,Corporate Events,Onsite & Offsite Activations,Mocktail Pop-Up Bar_Service Charge (61-120 guests),Per Hour,2,$87.50,40%,$145.83,$150.00,43%,3 bartenders + materials (drinks not included) - 4 hour max,$180.00,20.00%,
TRUE,CORP_,WELLACTIV_,MOCKTAILSERVICE1,CORP_ WELLACTIV_ MOCKTAILSERVICE1,Corporate Events,Onsite & Offsite Activations,Mocktail Pop-Up Bar_Service Charge (up to 60 guests),Per Hour,2,$50.00,40%,$83.33,$125.00,90%,1-2 bar tender + materials (drinks not included) - 4 hour max,$150.00,20.00%,
TRUE,CORP_,WELLACTIV_,TAROT1,CORP_ WELLACTIV_ TAROT1,Corporate Events,Onsite & Offsite Activations,Tarot Card Readings - 1 Reader,Per Hour,2,$125.00,40%,$208.33,$225.00,48%,Up to (15) 1-Card Pulls Per Hour; Up to (6) 3- Card Pulls per hour,$350,55.56%,
TRUE,CORP_,WELLACTIV_,MOODBAR4,CORP_ WELLACTIV_ MOODBAR4,Corporate Events,Onsite & Offsite Activations,The Mood Bar by Swift (101-120 guests),Per Hour,2 Hour Min,$700.00,40%,"$1,166.67","$1,250.00",47%,Unlimited Drink Service - 4 hour max,"$1,500.00",20.00%,*50% off for set up & IP Only (With contract agreement)
TRUE,CORP_,WELLACTIV_,MOODBAR5,CORP_ WELLACTIV_ MOODBAR5,Corporate Events,Onsite & Offsite Activations,The Mood Bar by Swift (121-150 guests),Per Hour,2 Hour Min,$875.00,40%,"$1,458.33","$1,500.00",43%,Unlimited Drink Service - 4 hour max,"$1,800.00",20.00%,*50% off for set up & IP Only (With contract agreement)
TRUE,CORP_,WELLACTIV_,MOODBAR2,CORP_ WELLACTIV_ MOODBAR2,Corporate Events,Onsite & Offsite Activations,The Mood Bar by Swift (51-75 guests),Per Hour,2 Hour Min,$400.00,40%,$666.67,$750.00,53%,Unlimited Drink Service - 4 hour max,$900.00,20.00%,*50% off for set up & IP Only (With contract agreement)
TRUE,CORP_,WELLACTIV_,MOODBAR3,CORP_ WELLACTIV_ MOODBAR3,Corporate Events,Onsite & Offsite Activations,The Mood Bar by Swift (76-100 guests),Per Hour,2 Hour Min,$500.00,40%,$833.33,$950.00,54%,Unlimited Drink Service - 4 hour max,"$1,140.00",20.00%,*50% off for set up & IP Only (With contract agreement)
TRUE,CORP_,WELLACTIV_,MOODBAR1,CORP_ WELLACTIV_ MOODBAR1,Corporate Events,Onsite & Offsite Activations,The Mood Bar by Swift (up to 50 guests),Per Hour,2 Hour Min,$250.00,40%,$416.67,$500.00,60%,Unlimited Drink Service - 4 hour max,$600.00,20.00%,*50% off for set up & IP Only (With contract agreement)
TRUE,CORP_,WELLACTIV_,VITSHOTSERVICE,CORP_ WELLACTIV_ VITSHOTSERVICE,Corporate Events,Onsite & Offsite Activations,Vitamin / B12 Shot Service,Per Hour,2,$125.00,40%,$208.33,$200.00,36%,*does not include actual injections only includes the service and nurse fees,$300,50.00%,
TRUE,CORP_,WELLACTIV_,VITSHOT,CORP_ WELLACTIV_ VITSHOT,Corporate Events,Onsite & Offsite Activations,Vitamin / B12 Shots (Per Shot),Per Person,n/a,$25.00,40%,$41.67,$40.00,36%,*Must be paired with the Service Charge per hour (2 hr min) - 10 shot Min -  *Pricing based on Nova Vita Basic Infusion Pricing @$25 per shot and can be scaled if needed using their pricing,$45,12.50%,
TRUE,CORP_,MOVE_,GFCLASSA1,CORP_ MOVE_ GFCLASSA1,Corporate Events,Onsite & Offsite Movement,Group Fit Class (10-19 participants),Per Person,10,$22.50,40%,$37.50,$37.50,40%,,$50.00,33.33%,
TRUE,CORP_,MOVE_,GFCLASSA2,CORP_ MOVE_ GFCLASSA2,Corporate Events,Onsite & Offsite Movement,Group Fit Class (20-49 participants),Per Person,20,$16.00,40%,$26.67,$30.00,53%,,$45.00,50.00%,
TRUE,CORP_,MOVE_,GFCLASSA3,CORP_ MOVE_ GFCLASSA3,Corporate Events,Onsite & Offsite Movement,Group Fit Class (50-99 participants),Per Person,50,$8.50,40%,$14.17,$25.00,116%,,$40.00,60.00%,
TRUE,CORP_,MOVE_,GFCLASSA4,CORP_ MOVE_ GFCLASSA4,Corporate Events,Onsite & Offsite Movement,Group Fit Class (100-199 participants),Per Person,100,$6.00,40%,$10.00,$20.00,140%,,$37.00,85.00%,
TRUE,CORP_,MOVE_,GFCLASSA5,CORP_ MOVE_ GFCLASSA5,Corporate Events,Onsite & Offsite Movement,Group Fit Class (200+ participants),Per Person,200,$4.00,40%,$6.67,$15.00,165%,,$27.00,80.00%,
TRUE,CORP_,MOVE_,GFCLASSB1,CORP_ MOVE_ GFCLASSB1,Corporate Events,Onsite & Offsite Movement,Group Fit Class (up to 25 participants),Flat Fee,10,$255.00,40%,$425.00,$425.00,40%,,"$1,125.00",164.71%,
TRUE,CORP_,MOVE_,GFCLASSB2,CORP_ MOVE_ GFCLASSB2,Corporate Events,Onsite & Offsite Movement,Group Fit Class (up to 50 participants),Flat Fee,26,$375.00,40%,$625.00,$625.00,40%,,"$2,000.00",220.00%,
TRUE,CORP_,MOVE_,GFCLASSB3,CORP_ MOVE_ GFCLASSB3,Corporate Events,Onsite & Offsite Movement,Group Fit Class (up to 100 participants),Flat Fee,51,$505.00,40%,$841.67,$850.00,41%,,"$3,500.00",311.76%,
TRUE,CORP_,MOVE_,WELLBREAK,CORP_ MOVE_ WELLBREAK,Corporate Events,Onsite & Offsite Movement,Conference Wellness Break (10-30min),Flat Fee,n/a,$150.00,40%,$250.00,$300.00,60%,"For In-Between Meetings/Sessions Stretch Break, Guided Breathwork Break, etc. (15-30mins)",$450,50.00%,
TRUE,CORP_,MOVE_,LINEDANCE1,CORP_ MOVE_ LINEDANCE1,Corporate Events,Onsite & Offsite Movement,Line Dancing / Two-Step Class (Up to 25),Flat Fee,n/a,$450.00,40%,$750.00,$750.00,40%,Serves up to 25 Participants,"$1,000.00",33.33%,
TRUE,CORP_,MOVE_,LINEDANCE2,CORP_ MOVE_ LINEDANCE2,Corporate Events,Onsite & Offsite Movement,Line Dancing / Two-Step Class (Additional Participants over 25),Per Person,26,$550.00,40%,$916.67,$950.00,44%,Any Additional Participants between 26-50,$25,-97.37%,*Per Person after 25
TRUE,CORP_,MOVE_,MATRENTAL,CORP_ MOVE_ MATRENTAL,Corporate Events,Onsite & Offsite Movement,Yoga Mat Rental,Per Person,n/a,$0.00,40%,$0.00,$5.00,#DIV/0!,Per Mat ,$6.00,20.00%,
TRUE,CORP_,MOVE_,BLOCKRENTAL,CORP_ MOVE_ BLOCKRENTAL,Corporate Events,Onsite & Offsite Movement,Yoga Block Rental,Per Person,n/a,$0.00,40%,$0.00,$2.50,#DIV/0!,Per Block,$3.00,20.00%,
TRUE,CORP_,WKSHP_,EOBLEND,CORP_ WKSHP_ EOBLEND,Corporate Events,Workshops & Masterclasses,Essential Oil Masterclass,Flat Fee,n/a,$750.00,40%,"$1,250.00","$1,500.00",60%,60 Mins; up to 50 participants (Price can vary depending on participant & duration),"$2,400.00",60.00%,
TRUE,CORP_,WKSHP_,GUASHA,CORP_ WKSHP_ GUASHA,Corporate Events,Workshops & Masterclasses,Gua Sha & Facial Skin Care Masterclass,Flat Fee,n/a,$750.00,40%,"$1,250.00","$1,500.00",60%,60 Mins; up to 20 participants (Price can vary depending on participant & duration),"$2,400.00",60.00%,
FALSE,,,,,,,,,,,,,,,,$0.00,#DIV/0!,
FALSE,,,,,,,,,,,,,,,,$0.00,#DIV/0!,
FALSE,,,,,,,,,,,,,,,,$0.00,#DIV/0!,
FALSE,,,,,,,,,,,,,,,,$0.00,#DIV/0!,
FALSE,,,,,,,,,,,,,,,,$0.00,#DIV/0!,
FALSE,,,,,,,,,,,,,,,,$0.00,#DIV/0!,
FALSE,,,,,,,,,,,,,,,,$0.00,#DIV/0!,
FALSE,,,,,,,,,,,,,,,,$0.00,#DIV/0!,
FALSE,,,,,,,,,,,,,,,,$0.00,#DIV/0!,
FALSE,,,,,,,,,,,,,,,,$0.00,#DIV/0!,
FALSE,,,,,,,,,,,,,,,,$0.00,#DIV/0!,
FALSE,,,,,,,,,,,,,,,,$0.00,#DIV/0!,
FALSE,,,,,,,,,,,,,,,,$0.00,#DIV/0!,
FALSE,,,,,,,,,,,,,,,,$0.00,#DIV/0!,
FALSE,,,,,,,,,,,,,,,,$0.00,#DIV/0!,
FALSE,,,,,,,,,,,,,,,,$0.00,#DIV/0!,
FALSE,,,,,,,,,,,,,,,,$0.00,#DIV/0!,
FALSE,,,,,,,,,,,,,,,,$0.00,#DIV/0!,
FALSE,,,,,,,,,,,,,,,,$0.00,#DIV/0!,
FALSE,,,,,,,,,,,,,,,,$0.00,#DIV/0!,
FALSE,,,,,,,,,,,,,,,,$0.00,#DIV/0!,
FALSE,,,,,,,,,,,,,,,,$0.00,#DIV/0!,
FALSE,,,,,,,,,,,,,,,,$0.00,#DIV/0!,
FALSE,,,,,,,,,,,,,,,,$0.00,#DIV/0!,
FALSE,,,,,,,,,,,,,,,,$0.00,#DIV/0!,
FALSE,,,,,,,,,,,,,,,,$0.00,#DIV/0!,
FALSE,,,,,,,,,,,,,,,,$0.00,#DIV/0!,
FALSE,,,,,,,,,,,,,,,,$0.00,#DIV/0!,
FALSE,,,,,,,,,,,,,,,,$0.00,#DIV/0!,
FALSE,,,,,,,,,,,,,,,,$0.00,#DIV/0!,
FALSE,,,,,,,,,,,,,,,,$0.00,#DIV/0!,
FALSE,,,,,,,,,,,,,,,,$0.00,#DIV/0!,
FALSE,,,,,,,,,,,,,,,,$0.00,#DIV/0!,
FALSE,,,,,,,,,,,,,,,,$0.00,#DIV/0!,
FALSE,,,,,,,,,,,,,,,,$0.00,#DIV/0!,
FALSE,,,,,,,,,,,,,,,,$0.00,#DIV/0!,
FALSE,,,,,,,,,,,,,,,,$0.00,#DIV/0!,
FALSE,,,,,,,,,,,,,,,,$0.00,#DIV/0!,
FALSE,,,,,,,,,,,,,,,,$0.00,#DIV/0!,
FALSE,,,,,,,,,,,,,,,,$0.00,#DIV/0!,
FALSE,,,,,,,,,,,,,,,,$0.00,#DIV/0!,
FALSE,,,,,,,,,,,,,,,,$0.00,#DIV/0!,
FALSE,,,,,,,,,,,,,,,,$0.00,#DIV/0!,
FALSE,,,,,,,,,,,,,,,,$0.00,#DIV/0!,
FALSE,,,,,,,,,,,,,,,,$0.00,#DIV/0!,
FALSE,,,,,,,,,,,,,,,,$0.00,#DIV/0!,
FALSE,,,,,,,,,,,,,,,,$0.00,#DIV/0!,
FALSE,,,,,,,,,,,,,,,,$0.00,#DIV/0!,
FALSE,,,,,,,,,,,,,,,,$0.00,#DIV/0!,
FALSE,,,,,,,,,,,,,,,,$0.00,#DIV/0!,
FALSE,,,,,,,,,,,,,,,,$0.00,#DIV/0!,
FALSE,,,,,,,,,,,,,,,,$0.00,#DIV/0!,
FALSE,,,,,,,,,,,,,,,,$0.00,#DIV/0!,
FALSE,,,,,,,,,,,,,,,,$0.00,#DIV/0!,
FALSE,,,,,,,,,,,,,,,,$0.00,#DIV/0!,
FALSE,,,,,,,,,,,,,,,,$0.00,#DIV/0!,
FALSE,,,,,,,,,,,,,,,,$0.00,#DIV/0!,
FALSE,,,,,,,,,,,,,,,,$0.00,#DIV/0!,
FALSE,,,,,,,,,,,,,,,,$0.00,#DIV/0!,
FALSE,,,,,,,,,,,,,,,,$0.00,#DIV/0!,
FALSE,,,,,,,,,,,,,,,,$0.00,#DIV/0!,
FALSE,,,,,,,,,,,,,,,,$0.00,#DIV/0!,
FALSE,,,,,,,,,,,,,,,,$0.00,#DIV/0!,
FALSE,,,,,,,,,,,,,,,,$0.00,#DIV/0!,
FALSE,,,,,,,,,,,,,,,,$0.00,#DIV/0!,
FALSE,,,,,,,,,,,,,,,,$0.00,#DIV/0!,
FALSE,,,,,,,,,,,,,,,,$0.00,#DIV/0!,
FALSE,,,,,,,,,,,,,,,,$0.00,#DIV/0!,
FALSE,,,,,,,,,,,,,,,,$0.00,#DIV/0!,
FALSE,,,,,,,,,,,,,,,,$0.00,#DIV/0!,
FALSE,,,,,,,,,,,,,,,,$0.00,#DIV/0!,
FALSE,,,,,,,,,,,,,,,,$0.00,#DIV/0!,
FALSE,,,,,,,,,,,,,,,,$0.00,#DIV/0!,
FALSE,,,,,,,,,,,,,,,,$0.00,#DIV/0!,
FALSE,,,,,,,,,,,,,,,,$0.00,#DIV/0!,
FALSE,,,,,,,,,,,,,,,,$0.00,#DIV/0!,
FALSE,,,,,,,,,,,,,,,,$0.00,#DIV/0!,
FALSE,,,,,,,,,,,,,,,,$0.00,#DIV/0!,
FALSE,,,,,,,,,,,,,,,,$0.00,#DIV/0!,
FALSE,,,,,,,,,,,,,,,,$0.00,#DIV/0!,
FALSE,,,,,,,,,,,,,,,,$0.00,#DIV/0!,
FALSE,,,,,,,,,,,,,,,,$0.00,#DIV/0!,
FALSE,,,,,,,,,,,,,,,,$0.00,#DIV/0!,
FALSE,,,,,,,,,,,,,,,,$0.00,#DIV/0!,
FALSE,,,,,,,,,,,,,,,,$0.00,#DIV/0!,
FALSE,,,,,,,,,,,,,,,,$0.00,#DIV/0!,
FALSE,,,,,,,,,,,,,,,,$0.00,#DIV/0!,
FALSE,,,,,,,,,,,,,,,,$0.00,#DIV/0!,
FALSE,,,,,,,,,,,,,,,,$0.00,#DIV/0!,
FALSE,,,,,,,,,,,,,,,,$0.00,#DIV/0!,
FALSE,,,,,,,,,,,,,,,,$0.00,#DIV/0!,
FALSE,,,,,,,,,,,,,,,,$0.00,#DIV/0!,
FALSE,,,,,,,,,,,,,,,,$0.00,#DIV/0!,
FALSE,,,,,,,,,,,,,,,,$0.00,#DIV/0!,
FALSE,,,,,,,,,,,,,,,,$0.00,#DIV/0!,
FALSE,,,,,,,,,,,,,,,,$0.00,#DIV/0!,
FALSE,,,,,,,,,,,,,,,,$0.00,#DIV/0!,
FALSE,,,,,,,,,,,,,,,,$0.00,#DIV/0!,
FALSE,,,,,,,,,,,,,,,,$0.00,#DIV/0!,
FALSE,,,,,,,,,,,,,,,,$0.00,#DIV/0!,
FALSE,,,,,,,,,,,,,,,,$0.00,#DIV/0!,
FALSE,,,,,,,,,,,,,,,,$0.00,#DIV/0!,
FALSE,,,,,,,,,,,,,,,,$0.00,#DIV/0!,
FALSE,,,,,,,,,,,,,,,,$0.00,#DIV/0!,
FALSE,,,,,,,,,,,,,,,,$0.00,#DIV/0!,
FALSE,,,,,,,,,,,,,,,,$0.00,#DIV/0!,
FALSE,,,,,,,,,,,,,,,,$0.00,#DIV/0!,
FALSE,,,,,,,,,,,,,,,,$0.00,#DIV/0!,
FALSE,,,,,,,,,,,,,,,,$0.00,#DIV/0!,
FALSE,,,,,,,,,,,,,,,,$0.00,#DIV/0!,
FALSE,,,,,,,,,,,,,,,,$0.00,#DIV/0!,
FALSE,,,,,,,,,,,,,,,,$0.00,#DIV/0!,
FALSE,,,,,,,,,,,,,,,,$0.00,#DIV/0!,
FALSE,,,,,,,,,,,,,,,,$0.00,#DIV/0!,
FALSE,,,,,,,,,,,,,,,,$0.00,#DIV/0!,
FALSE,,,,,,,,,,,,,,,,$0.00,#DIV/0!,
FALSE,,,,,,,,,,,,,,,,$0.00,#DIV/0!,
FALSE,,,,,,,,,,,,,,,,$0.00,#DIV/0!,
FALSE,,,,,,,,,,,,,,,,$0.00,#DIV/0!,
FALSE,,,,,,,,,,,,,,,,$0.00,#DIV/0!,
FALSE,,,,,,,,,,,,,,,,$0.00,#DIV/0!,
FALSE,,,,,,,,,,,,,,,,$0.00,#DIV/0!,
FALSE,,,,,,,,,,,,,,,,$0.00,#DIV/0!,
FALSE,,,,,,,,,,,,,,,,$0.00,#DIV/0!,
FALSE,,,,,,,,,,,,,,,,$0.00,#DIV/0!,
FALSE,,,,,,,,,,,,,,,,$0.00,#DIV/0!,
FALSE,,,,,,,,,,,,,,,,$0.00,#DIV/0!,
FALSE,,,,,,,,,,,,,,,,$0.00,#DIV/0!,
FALSE,,,,,,,,,,,,,,,,$0.00,#DIV/0!,
FALSE,,,,,,,,,,,,,,,,$0.00,#DIV/0!,
FALSE,,,,,,,,,,,,,,,,$0.00,#DIV/0!,
FALSE,,,,,,,,,,,,,,,,$0.00,#DIV/0!,
FALSE,,,,,,,,,,,,,,,,$0.00,#DIV/0!,
FALSE,,,,,,,,,,,,,,,,$0.00,#DIV/0!,
FALSE,,,,,,,,,,,,,,,,$0.00,#DIV/0!,
FALSE,,,,,,,,,,,,,,,,$0.00,#DIV/0!,
FALSE,,,,,,,,,,,,,,,,$0.00,#DIV/0!,
FALSE,,,,,,,,,,,,,,,,$0.00,#DIV/0!,
FALSE,,,,,,,,,,,,,,,,$0.00,#DIV/0!,
FALSE,,,,,,,,,,,,,,,,$0.00,#DIV/0!,
FALSE,,,,,,,,,,,,,,,,$0.00,#DIV/0!,
FALSE,,,,,,,,,,,,,,,,$0.00,#DIV/0!,
FALSE,,,,,,,,,,,,,,,,$0.00,#DIV/0!,
FALSE,,,,,,,,,,,,,,,,$0.00,#DIV/0!,
FALSE,,,,,,,,,,,,,,,,$0.00,#DIV/0!,
FALSE,,,,,,,,,,,,,,,,$0.00,#DIV/0!,
FALSE,,,,,,,,,,,,,,,,$0.00,#DIV/0!,
FALSE,,,,,,,,,,,,,,,,$0.00,#DIV/0!,
FALSE,,,,,,,,,,,,,,,,$0.00,#DIV/0!,
FALSE,,,,,,,,,,,,,,,,$0.00,#DIV/0!,
FALSE,,,,,,,,,,,,,,,,$0.00,#DIV/0!,
FALSE,,,,,,,,,,,,,,,,$0.00,#DIV/0!,
FALSE,,,,,,,,,,,,,,,,$0.00,#DIV/0!,
FALSE,,,,,,,,,,,,,,,,$0.00,#DIV/0!,
FALSE,,,,,,,,,,,,,,,,$0.00,#DIV/0!,
FALSE,,,,,,,,,,,,,,,,$0.00,#DIV/0!,
FALSE,,,,,,,,,,,,,,,,$0.00,#DIV/0!,
FALSE,,,,,,,,,,,,,,,,$0.00,#DIV/0!,
FALSE,,,,,,,,,,,,,,,,$0.00,#DIV/0!,
FALSE,,,,,,,,,,,,,,,,$0.00,#DIV/0!,
FALSE,,,,,,,,,,,,,,,,$0.00,#DIV/0!,
FALSE,,,,,,,,,,,,,,,,$0.00,#DIV/0!,
FALSE,,,,,,,,,,,,,,,,$0.00,#DIV/0!,
FALSE,,,,,,,,,,,,,,,,$0.00,#DIV/0!,
FALSE,,,,,,,,,,,,,,,,$0.00,#DIV/0!,
FALSE,,,,,,,,,,,,,,,,$0.00,#DIV/0!,
FALSE,,,,,,,,,,,,,,,,$0.00,#DIV/0!,
FALSE,,,,,,,,,,,,,,,,$0.00,#DIV/0!,
FALSE,,,,,,,,,,,,,,,,$0.00,#DIV/0!,
FALSE,,,,,,,,,,,,,,,,$0.00,#DIV/0!,
FALSE,,,,,,,,,,,,,,,,$0.00,#DIV/0!,
FALSE,,,,,,,,,,,,,,,,$0.00,#DIV/0!,
FALSE,,,,,,,,,,,,,,,,$0.00,#DIV/0!,
FALSE,,,,,,,,,,,,,,,,$0.00,#DIV/0!,
FALSE,,,,,,,,,,,,,,,,$0.00,#DIV/0!,
FALSE,,,,,,,,,,,,,,,,$0.00,#DIV/0!,
FALSE,,,,,,,,,,,,,,,,$0.00,#DIV/0!,
FALSE,,,,,,,,,,,,,,,,$0.00,#DIV/0!,
FALSE,,,,,,,,,,,,,,,,$0.00,#DIV/0!,
FALSE,,,,,,,,,,,,,,,,$0.00,#DIV/0!,
FALSE,,,,,,,,,,,,,,,,$0.00,#DIV/0!,
FALSE,,,,,,,,,,,,,,,,$0.00,#DIV/0!,
FALSE,,,,,,,,,,,,,,,,$0.00,#DIV/0!,
FALSE,,,,,,,,,,,,,,,,$0.00,#DIV/0!,
FALSE,,,,,,,,,,,,,,,,$0.00,#DIV/0!,
FALSE,,,,,,,,,,,,,,,,$0.00,#DIV/0!,
FALSE,,,,,,,,,,,,,,,,$0.00,#DIV/0!,
FALSE,,,,,,,,,,,,,,,,$0.00,#DIV/0!,
FALSE,,,,,,,,,,,,,,,,$0.00,#DIV/0!,
FALSE,,,,,,,,,,,,,,,,$0.00,#DIV/0!,
FALSE,,,,,,,,,,,,,,,,$0.00,#DIV/0!,
FALSE,,,,,,,,,,,,,,,,$0.00,#DIV/0!,
FALSE,,,,,,,,,,,,,,,,$0.00,#DIV/0!,
FALSE,,,,,,,,,,,,,,,,$0.00,#DIV/0!,
FALSE,,,,,,,,,,,,,,,,$0.00,#DIV/0!,
FALSE,,,,,,,,,,,,,,,,$0.00,#DIV/0!,
FALSE,,,,,,,,,,,,,,,,$0.00,#DIV/0!,
FALSE,,,,,,,,,,,,,,,,$0.00,#DIV/0!,
FALSE,,,,,,,,,,,,,,,,$0.00,#DIV/0!,
FALSE,,,,,,,,,,,,,,,,$0.00,#DIV/0!,
FALSE,,,,,,,,,,,,,,,,$0.00,#DIV/0!,
FALSE,,,,,,,,,,,,,,,,$0.00,#DIV/0!,
FALSE,,,,,,,,,,,,,,,,$0.00,#DIV/0!,
FALSE,,,,,,,,,,,,,,,,$0.00,#DIV/0!,
FALSE,,,,,,,,,,,,,,,,$0.00,#DIV/0!,
FALSE,,,,,,,,,,,,,,,,$0.00,#DIV/0!,
FALSE,,,,,,,,,,,,,,,,$0.00,#DIV/0!,
FALSE,,,,,,,,,,,,,,,,$0.00,#DIV/0!,
FALSE,,,,,,,,,,,,,,,,$0.00,#DIV/0!,
FALSE,,,,,,,,,,,,,,,,$0.00,#DIV/0!,
FALSE,,,,,,,,,,,,,,,,$0.00,#DIV/0!,
FALSE,,,,,,,,,,,,,,,,$0.00,#DIV/0!,
FALSE,,,,,,,,,,,,,,,,$0.00,#DIV/0!,
FALSE,,,,,,,,,,,,,,,,$0.00,#DIV/0!,
FALSE,,,,,,,,,,,,,,,,$0.00,#DIV/0!,
FALSE,,,,,,,,,,,,,,,,$0.00,#DIV/0!,
FALSE,,,,,,,,,,,,,,,,$0.00,#DIV/0!,
FALSE,,,,,,,,,,,,,,,,$0.00,#DIV/0!,
FALSE,,,,,,,,,,,,,,,,$0.00,#DIV/0!,
FALSE,,,,,,,,,,,,,,,,$0.00,#DIV/0!,
FALSE,,,,,,,,,,,,,,,,$0.00,#DIV/0!,
FALSE,,,,,,,,,,,,,,,,$0.00,#DIV/0!,
FALSE,,,,,,,,,,,,,,,,$0.00,#DIV/0!,
FALSE,,,,,,,,,,,,,,,,$0.00,#DIV/0!,
FALSE,,,,,,,,,,,,,,,,$0.00,#DIV/0!,
FALSE,,,,,,,,,,,,,,,,$0.00,#DIV/0!,
FALSE,,,,,,,,,,,,,,,,$0.00,#DIV/0!,
FALSE,,,,,,,,,,,,,,,,$0.00,#DIV/0!,
FALSE,,,,,,,,,,,,,,,,$0.00,#DIV/0!,
FALSE,,,,,,,,,,,,,,,,$0.00,#DIV/0!,
FALSE,,,,,,,,,,,,,,,,$0.00,#DIV/0!,
FALSE,,,,,,,,,,,,,,,,$0.00,#DIV/0!,
FALSE,,,,,,,,,,,,,,,,$0.00,#DIV/0!,
FALSE,,,,,,,,,,,,,,,,$0.00,#DIV/0!,
FALSE,,,,,,,,,,,,,,,,$0.00,#DIV/0!,
FALSE,,,,,,,,,,,,,,,,$0.00,#DIV/0!,
FALSE,,,,,,,,,,,,,,,,$0.00,#DIV/0!,
FALSE,,,,,,,,,,,,,,,,$0.00,#DIV/0!,
FALSE,,,,,,,,,,,,,,,,$0.00,#DIV/0!,
FALSE,,,,,,,,,,,,,,,,$0.00,#DIV/0!,
FALSE,,,,,,,,,,,,,,,,$0.00,#DIV/0!,
FALSE,,,,,,,,,,,,,,,,$0.00,#DIV/0!,
FALSE,,,,,,,,,,,,,,,,$0.00,#DIV/0!,
FALSE,,,,,,,,,,,,,,,,$0.00,#DIV/0!,
FALSE,,,,,,,,,,,,,,,,$0.00,#DIV/0!,
FALSE,,,,,,,,,,,,,,,,$0.00,#DIV/0!,
FALSE,,,,,,,,,,,,,,,,$0.00,#DIV/0!,
FALSE,,,,,,,,,,,,,,,,$0.00,#DIV/0!,
FALSE,,,,,,,,,,,,,,,,$0.00,#DIV/0!,
FALSE,,,,,,,,,,,,,,,,$0.00,#DIV/0!,
FALSE,,,,,,,,,,,,,,,,$0.00,#DIV/0!,
FALSE,,,,,,,,,,,,,,,,$0.00,#DIV/0!,
FALSE,,,,,,,,,,,,,,,,$0.00,#DIV/0!,
FALSE,,,,,,,,,,,,,,,,$0.00,#DIV/0!,
FALSE,,,,,,,,,,,,,,,,$0.00,#DIV/0!,
FALSE,,,,,,,,,,,,,,,,$0.00,#DIV/0!,
FALSE,,,,,,,,,,,,,,,,$0.00,#DIV/0!,
FALSE,,,,,,,,,,,,,,,,$0.00,#DIV/0!,
FALSE,,,,,,,,,,,,,,,,$0.00,#DIV/0!,
FALSE,,,,,,,,,,,,,,,,$0.00,#DIV/0!,
FALSE,,,,,,,,,,,,,,,,$0.00,#DIV/0!,
FALSE,,,,,,,,,,,,,,,,$0.00,#DIV/0!,
FALSE,,,,,,,,,,,,,,,,$0.00,#DIV/0!,
FALSE,,,,,,,,,,,,,,,,$0.00,#DIV/0!,
FALSE,,,,,,,,,,,,,,,,$0.00,#DIV/0!,
FALSE,,,,,,,,,,,,,,,,$0.00,#DIV/0!,
FALSE,,,,,,,,,,,,,,,,$0.00,#DIV/0!,
FALSE,,,,,,,,,,,,,,,,$0.00,#DIV/0!,
FALSE,,,,,,,,,,,,,,,,$0.00,#DIV/0!,
FALSE,,,,,,,,,,,,,,,,$0.00,#DIV/0!,
FALSE,,,,,,,,,,,,,,,,$0.00,#DIV/0!,
FALSE,,,,,,,,,,,,,,,,$0.00,#DIV/0!,
FALSE,,,,,,,,,,,,,,,,$0.00,#DIV/0!,
FALSE,,,,,,,,,,,,,,,,$0.00,#DIV/0!,
FALSE,,,,,,,,,,,,,,,,$0.00,#DIV/0!,
FALSE,,,,,,,,,,,,,,,,$0.00,#DIV/0!,
FALSE,,,,,,,,,,,,,,,,$0.00,#DIV/0!,
FALSE,,,,,,,,,,,,,,,,$0.00,#DIV/0!,
FALSE,,,,,,,,,,,,,,,,$0.00,#DIV/0!,
FALSE,,,,,,,,,,,,,,,,$0.00,#DIV/0!,
FALSE,,,,,,,,,,,,,,,,$0.00,#DIV/0!,
FALSE,,,,,,,,,,,,,,,,$0.00,#DIV/0!,
FALSE,,,,,,,,,,,,,,,,$0.00,#DIV/0!,
FALSE,,,,,,,,,,,,,,,,$0.00,#DIV/0!,
FALSE,,,,,,,,,,,,,,,,$0.00,#DIV/0!,
FALSE,,,,,,,,,,,,,,,,$0.00,#DIV/0!,
FALSE,,,,,,,,,,,,,,,,$0.00,#DIV/0!,
FALSE,,,,,,,,,,,,,,,,$0.00,#DIV/0!,
FALSE,,,,,,,,,,,,,,,,$0.00,#DIV/0!,
FALSE,,,,,,,,,,,,,,,,$0.00,#DIV/0!,
FALSE,,,,,,,,,,,,,,,,$0.00,#DIV/0!,
FALSE,,,,,,,,,,,,,,,,$0.00,#DIV/0!,
FALSE,,,,,,,,,,,,,,,,$0.00,#DIV/0!,
FALSE,,,,,,,,,,,,,,,,$0.00,#DIV/0!,
FALSE,,,,,,,,,,,,,,,,$0.00,#DIV/0!,
FALSE,,,,,,,,,,,,,,,,$0.00,#DIV/0!,
FALSE,,,,,,,,,,,,,,,,$0.00,#DIV/0!,
FALSE,,,,,,,,,,,,,,,,$0.00,#DIV/0!,
FALSE,,,,,,,,,,,,,,,,$0.00,#DIV/0!,
FALSE,,,,,,,,,,,,,,,,$0.00,#DIV/0!,
FALSE,,,,,,,,,,,,,,,,$0.00,#DIV/0!,
FALSE,,,,,,,,,,,,,,,,$0.00,#DIV/0!,
FALSE,,,,,,,,,,,,,,,,$0.00,#DIV/0!,
FALSE,,,,,,,,,,,,,,,,$0.00,#DIV/0!,
FALSE,,,,,,,,,,,,,,,,$0.00,#DIV/0!,
FALSE,,,,,,,,,,,,,,,,$0.00,#DIV/0!,
FALSE,,,,,,,,,,,,,,,,$0.00,#DIV/0!,
FALSE,,,,,,,,,,,,,,,,$0.00,#DIV/0!,
FALSE,,,,,,,,,,,,,,,,$0.00,#DIV/0!,
FALSE,,,,,,,,,,,,,,,,$0.00,#DIV/0!,
FALSE,,,,,,,,,,,,,,,,$0.00,#DIV/0!,
FALSE,,,,,,,,,,,,,,,,$0.00,#DIV/0!,
FALSE,,,,,,,,,,,,,,,,$0.00,#DIV/0!,
FALSE,,,,,,,,,,,,,,,,$0.00,#DIV/0!,
FALSE,,,,,,,,,,,,,,,,$0.00,#DIV/0!,
FALSE,,,,,,,,,,,,,,,,$0.00,#DIV/0!,
FALSE,,,,,,,,,,,,,,,,$0.00,#DIV/0!,
FALSE,,,,,,,,,,,,,,,,$0.00,#DIV/0!,
FALSE,,,,,,,,,,,,,,,,$0.00,#DIV/0!,
FALSE,,,,,,,,,,,,,,,,$0.00,#DIV/0!,
FALSE,,,,,,,,,,,,,,,,$0.00,#DIV/0!,
FALSE,,,,,,,,,,,,,,,,$0.00,#DIV/0!,
FALSE,,,,,,,,,,,,,,,,$0.00,#DIV/0!,
FALSE,,,,,,,,,,,,,,,,$0.00,#DIV/0!,
FALSE,,,,,,,,,,,,,,,,$0.00,#DIV/0!,
FALSE,,,,,,,,,,,,,,,,$0.00,#DIV/0!,
FALSE,,,,,,,,,,,,,,,,$0.00,#DIV/0!,
FALSE,,,,,,,,,,,,,,,,$0.00,#DIV/0!,
FALSE,,,,,,,,,,,,,,,,$0.00,#DIV/0!,
FALSE,,,,,,,,,,,,,,,,$0.00,#DIV/0!,
FALSE,,,,,,,,,,,,,,,,$0.00,#DIV/0!,
FALSE,,,,,,,,,,,,,,,,$0.00,#DIV/0!,
FALSE,,,,,,,,,,,,,,,,$0.00,#DIV/0!,
FALSE,,,,,,,,,,,,,,,,$0.00,#DIV/0!,
FALSE,,,,,,,,,,,,,,,,$0.00,#DIV/0!,
FALSE,,,,,,,,,,,,,,,,$0.00,#DIV/0!,
FALSE,,,,,,,,,,,,,,,,$0.00,#DIV/0!,
FALSE,,,,,,,,,,,,,,,,$0.00,#DIV/0!,
FALSE,,,,,,,,,,,,,,,,$0.00,#DIV/0!,
FALSE,,,,,,,,,,,,,,,,$0.00,#DIV/0!,
FALSE,,,,,,,,,,,,,,,,$0.00,#DIV/0!,
FALSE,,,,,,,,,,,,,,,,$0.00,#DIV/0!,
FALSE,,,,,,,,,,,,,,,,$0.00,#DIV/0!,
FALSE,,,,,,,,,,,,,,,,$0.00,#DIV/0!,
FALSE,,,,,,,,,,,,,,,,$0.00,#DIV/0!,
FALSE,,,,,,,,,,,,,,,,$0.00,#DIV/0!,
FALSE,,,,,,,,,,,,,,,,$0.00,#DIV/0!,
FALSE,,,,,,,,,,,,,,,,$0.00,#DIV/0!,
FALSE,,,,,,,,,,,,,,,,$0.00,#DIV/0!,
FALSE,,,,,,,,,,,,,,,,$0.00,#DIV/0!,
FALSE,,,,,,,,,,,,,,,,$0.00,#DIV/0!,
FALSE,,,,,,,,,,,,,,,,$0.00,#DIV/0!,
FALSE,,,,,,,,,,,,,,,,$0.00,#DIV/0!,
FALSE,,,,,,,,,,,,,,,,$0.00,#DIV/0!,
FALSE,,,,,,,,,,,,,,,,$0.00,#DIV/0!,
FALSE,,,,,,,,,,,,,,,,$0.00,#DIV/0!,
FALSE,,,,,,,,,,,,,,,,$0.00,#DIV/0!,
FALSE,,,,,,,,,,,,,,,,$0.00,#DIV/0!,
FALSE,,,,,,,,,,,,,,,,$0.00,#DIV/0!,
FALSE,,,,,,,,,,,,,,,,$0.00,#DIV/0!,
FALSE,,,,,,,,,,,,,,,,$0.00,#DIV/0!,
FALSE,,,,,,,,,,,,,,,,$0.00,#DIV/0!,
FALSE,,,,,,,,,,,,,,,,$0.00,#DIV/0!,
FALSE,,,,,,,,,,,,,,,,$0.00,#DIV/0!,
FALSE,,,,,,,,,,,,,,,,$0.00,#DIV/0!,
FALSE,,,,,,,,,,,,,,,,$0.00,#DIV/0!,
FALSE,,,,,,,,,,,,,,,,$0.00,#DIV/0!,
FALSE,,,,,,,,,,,,,,,,$0.00,#DIV/0!,
FALSE,,,,,,,,,,,,,,,,$0.00,#DIV/0!,
FALSE,,,,,,,,,,,,,,,,$0.00,#DIV/0!,
FALSE,,,,,,,,,,,,,,,,$0.00,#DIV/0!,
FALSE,,,,,,,,,,,,,,,,$0.00,#DIV/0!,
FALSE,,,,,,,,,,,,,,,,$0.00,#DIV/0!,
FALSE,,,,,,,,,,,,,,,,$0.00,#DIV/0!,
FALSE,,,,,,,,,,,,,,,,$0.00,#DIV/0!,
FALSE,,,,,,,,,,,,,,,,$0.00,#DIV/0!,
FALSE,,,,,,,,,,,,,,,,$0.00,#DIV/0!,
FALSE,,,,,,,,,,,,,,,,$0.00,#DIV/0!,
FALSE,,,,,,,,,,,,,,,,$0.00,#DIV/0!,
FALSE,,,,,,,,,,,,,,,,$0.00,#DIV/0!,
FALSE,,,,,,,,,,,,,,,,$0.00,#DIV/0!,
FALSE,,,,,,,,,,,,,,,,$0.00,#DIV/0!,
FALSE,,,,,,,,,,,,,,,,$0.00,#DIV/0!,
FALSE,,,,,,,,,,,,,,,,$0.00,#DIV/0!,
FALSE,,,,,,,,,,,,,,,,$0.00,#DIV/0!,
FALSE,,,,,,,,,,,,,,,,$0.00,#DIV/0!,
FALSE,,,,,,,,,,,,,,,,$0.00,#DIV/0!,
FALSE,,,,,,,,,,,,,,,,$0.00,#DIV/0!,
FALSE,,,,,,,,,,,,,,,,$0.00,#DIV/0!,
FALSE,,,,,,,,,,,,,,,,$0.00,#DIV/0!,
FALSE,,,,,,,,,,,,,,,,$0.00,#DIV/0!,
FALSE,,,,,,,,,,,,,,,,$0.00,#DIV/0!,
FALSE,,,,,,,,,,,,,,,,$0.00,#DIV/0!,
FALSE,,,,,,,,,,,,,,,,$0.00,#DIV/0!,
FALSE,,,,,,,,,,,,,,,,$0.00,#DIV/0!,
FALSE,,,,,,,,,,,,,,,,$0.00,#DIV/0!,
FALSE,,,,,,,,,,,,,,,,$0.00,#DIV/0!,
FALSE,,,,,,,,,,,,,,,,$0.00,#DIV/0!,
FALSE,,,,,,,,,,,,,,,,$0.00,#DIV/0!,
FALSE,,,,,,,,,,,,,,,,$0.00,#DIV/0!,
FALSE,,,,,,,,,,,,,,,,$0.00,#DIV/0!,
FALSE,,,,,,,,,,,,,,,,$0.00,#DIV/0!,
FALSE,,,,,,,,,,,,,,,,$0.00,#DIV/0!,
FALSE,,,,,,,,,,,,,,,,$0.00,#DIV/0!,
FALSE,,,,,,,,,,,,,,,,$0.00,#DIV/0!,
FALSE,,,,,,,,,,,,,,,,$0.00,#DIV/0!,
FALSE,,,,,,,,,,,,,,,,$0.00,#DIV/0!,
FALSE,,,,,,,,,,,,,,,,$0.00,#DIV/0!,
FALSE,,,,,,,,,,,,,,,,$0.00,#DIV/0!,
FALSE,,,,,,,,,,,,,,,,$0.00,#DIV/0!,
FALSE,,,,,,,,,,,,,,,,$0.00,#DIV/0!,
FALSE,,,,,,,,,,,,,,,,$0.00,#DIV/0!,
FALSE,,,,,,,,,,,,,,,,$0.00,#DIV/0!,
FALSE,,,,,,,,,,,,,,,,$0.00,#DIV/0!,
FALSE,,,,,,,,,,,,,,,,$0.00,#DIV/0!,
FALSE,,,,,,,,,,,,,,,,$0.00,#DIV/0!,
FALSE,,,,,,,,,,,,,,,,$0.00,#DIV/0!,
FALSE,,,,,,,,,,,,,,,,$0.00,#DIV/0!,
FALSE,,,,,,,,,,,,,,,,$0.00,#DIV/0!,
FALSE,,,,,,,,,,,,,,,,$0.00,#DIV/0!,
FALSE,,,,,,,,,,,,,,,,$0.00,#DIV/0!,
FALSE,,,,,,,,,,,,,,,,$0.00,#DIV/0!,
FALSE,,,,,,,,,,,,,,,,$0.00,#DIV/0!,
FALSE,,,,,,,,,,,,,,,,$0.00,#DIV/0!,
FALSE,,,,,,,,,,,,,,,,$0.00,#DIV/0!,
FALSE,,,,,,,,,,,,,,,,$0.00,#DIV/0!,
FALSE,,,,,,,,,,,,,,,,$0.00,#DIV/0!,
FALSE,,,,,,,,,,,,,,,,$0.00,#DIV/0!,
FALSE,,,,,,,,,,,,,,,,$0.00,#DIV/0!,
FALSE,,,,,,,,,,,,,,,,$0.00,#DIV/0!,
FALSE,,,,,,,,,,,,,,,,$0.00,#DIV/0!,
FALSE,,,,,,,,,,,,,,,,$0.00,#DIV/0!,
FALSE,,,,,,,,,,,,,,,,$0.00,#DIV/0!,
FALSE,,,,,,,,,,,,,,,,$0.00,#DIV/0!,
FALSE,,,,,,,,,,,,,,,,$0.00,#DIV/0!,
FALSE,,,,,,,,,,,,,,,,$0.00,#DIV/0!,
FALSE,,,,,,,,,,,,,,,,$0.00,#DIV/0!,
FALSE,,,,,,,,,,,,,,,,$0.00,#DIV/0!,
FALSE,,,,,,,,,,,,,,,,$0.00,#DIV/0!,
FALSE,,,,,,,,,,,,,,,,$0.00,#DIV/0!,
FALSE,,,,,,,,,,,,,,,,$0.00,#DIV/0!,
FALSE,,,,,,,,,,,,,,,,$0.00,#DIV/0!,
FALSE,,,,,,,,,,,,,,,,$0.00,#DIV/0!,
FALSE,,,,,,,,,,,,,,,,$0.00,#DIV/0!,
FALSE,,,,,,,,,,,,,,,,$0.00,#DIV/0!,
FALSE,,,,,,,,,,,,,,,,$0.00,#DIV/0!,
FALSE,,,,,,,,,,,,,,,,$0.00,#DIV/0!,
FALSE,,,,,,,,,,,,,,,,$0.00,#DIV/0!,
FALSE,,,,,,,,,,,,,,,,$0.00,#DIV/0!,
FALSE,,,,,,,,,,,,,,,,$0.00,#DIV/0!,
FALSE,,,,,,,,,,,,,,,,$0.00,#DIV/0!,
FALSE,,,,,,,,,,,,,,,,$0.00,#DIV/0!,
FALSE,,,,,,,,,,,,,,,,$0.00,#DIV/0!,
FALSE,,,,,,,,,,,,,,,,$0.00,#DIV/0!,
FALSE,,,,,,,,,,,,,,,,$0.00,#DIV/0!,
FALSE,,,,,,,,,,,,,,,,$0.00,#DIV/0!,
FALSE,,,,,,,,,,,,,,,,$0.00,#DIV/0!,
FALSE,,,,,,,,,,,,,,,,$0.00,#DIV/0!,
FALSE,,,,,,,,,,,,,,,,$0.00,#DIV/0!,
FALSE,,,,,,,,,,,,,,,,$0.00,#DIV/0!,
FALSE,,,,,,,,,,,,,,,,$0.00,#DIV/0!,
FALSE,,,,,,,,,,,,,,,,$0.00,#DIV/0!,
FALSE,,,,,,,,,,,,,,,,$0.00,#DIV/0!,
FALSE,,,,,,,,,,,,,,,,$0.00,#DIV/0!,
FALSE,,,,,,,,,,,,,,,,$0.00,#DIV/0!,
FALSE,,,,,,,,,,,,,,,,$0.00,#DIV/0!,
FALSE,,,,,,,,,,,,,,,,$0.00,#DIV/0!,
FALSE,,,,,,,,,,,,,,,,$0.00,#DIV/0!,
FALSE,,,,,,,,,,,,,,,,$0.00,#DIV/0!,
FALSE,,,,,,,,,,,,,,,,$0.00,#DIV/0!,
FALSE,,,,,,,,,,,,,,,,$0.00,#DIV/0!,
FALSE,,,,,,,,,,,,,,,,$0.00,#DIV/0!,
FALSE,,,,,,,,,,,,,,,,$0.00,#DIV/0!,
FALSE,,,,,,,,,,,,,,,,$0.00,#DIV/0!,
FALSE,,,,,,,,,,,,,,,,$0.00,#DIV/0!,
FALSE,,,,,,,,,,,,,,,,$0.00,#DIV/0!,
FALSE,,,,,,,,,,,,,,,,$0.00,#DIV/0!,
FALSE,,,,,,,,,,,,,,,,$0.00,#DIV/0!,
FALSE,,,,,,,,,,,,,,,,$0.00,#DIV/0!,
FALSE,,,,,,,,,,,,,,,,$0.00,#DIV/0!,
FALSE,,,,,,,,,,,,,,,,$0.00,#DIV/0!,
FALSE,,,,,,,,,,,,,,,,$0.00,#DIV/0!,
FALSE,,,,,,,,,,,,,,,,$0.00,#DIV/0!,
FALSE,,,,,,,,,,,,,,,,$0.00,#DIV/0!,
FALSE,,,,,,,,,,,,,,,,$0.00,#DIV/0!,
FALSE,,,,,,,,,,,,,,,,$0.00,#DIV/0!,
FALSE,,,,,,,,,,,,,,,,$0.00,#DIV/0!,
FALSE,,,,,,,,,,,,,,,,$0.00,#DIV/0!,
FALSE,,,,,,,,,,,,,,,,$0.00,#DIV/0!,
FALSE,,,,,,,,,,,,,,,,$0.00,#DIV/0!,
FALSE,,,,,,,,,,,,,,,,$0.00,#DIV/0!,
FALSE,,,,,,,,,,,,,,,,$0.00,#DIV/0!,
FALSE,,,,,,,,,,,,,,,,$0.00,#DIV/0!,
FALSE,,,,,,,,,,,,,,,,$0.00,#DIV/0!,
FALSE,,,,,,,,,,,,,,,,$0.00,#DIV/0!,
FALSE,,,,,,,,,,,,,,,,$0.00,#DIV/0!,
FALSE,,,,,,,,,,,,,,,,$0.00,#DIV/0!,
FALSE,,,,,,,,,,,,,,,,$0.00,#DIV/0!,
FALSE,,,,,,,,,,,,,,,,$0.00,#DIV/0!,
FALSE,,,,,,,,,,,,,,,,$0.00,#DIV/0!,
FALSE,,,,,,,,,,,,,,,,$0.00,#DIV/0!,
FALSE,,,,,,,,,,,,,,,,$0.00,#DIV/0!,
FALSE,,,,,,,,,,,,,,,,$0.00,#DIV/0!,
FALSE,,,,,,,,,,,,,,,,$0.00,#DIV/0!,
FALSE,,,,,,,,,,,,,,,,$0.00,#DIV/0!,
FALSE,,,,,,,,,,,,,,,,$0.00,#DIV/0!,
FALSE,,,,,,,,,,,,,,,,$0.00,#DIV/0!,
FALSE,,,,,,,,,,,,,,,,$0.00,#DIV/0!,
FALSE,,,,,,,,,,,,,,,,$0.00,#DIV/0!,
FALSE,,,,,,,,,,,,,,,,$0.00,#DIV/0!,
FALSE,,,,,,,,,,,,,,,,$0.00,#DIV/0!,
FALSE,,,,,,,,,,,,,,,,$0.00,#DIV/0!,
FALSE,,,,,,,,,,,,,,,,$0.00,#DIV/0!,
FALSE,,,,,,,,,,,,,,,,$0.00,#DIV/0!,
FALSE,,,,,,,,,,,,,,,,$0.00,#DIV/0!,
FALSE,,,,,,,,,,,,,,,,$0.00,#DIV/0!,
FALSE,,,,,,,,,,,,,,,,$0.00,#DIV/0!,
FALSE,,,,,,,,,,,,,,,,$0.00,#DIV/0!,
FALSE,,,,,,,,,,,,,,,,$0.00,#DIV/0!,
FALSE,,,,,,,,,,,,,,,,$0.00,#DIV/0!,
FALSE,,,,,,,,,,,,,,,,$0.00,#DIV/0!,
FALSE,,,,,,,,,,,,,,,,$0.00,#DIV/0!,
FALSE,,,,,,,,,,,,,,,,$0.00,#DIV/0!,
FALSE,,,,,,,,,,,,,,,,$0.00,#DIV/0!,
FALSE,,,,,,,,,,,,,,,,$0.00,#DIV/0!,
FALSE,,,,,,,,,,,,,,,,$0.00,#DIV/0!,
FALSE,,,,,,,,,,,,,,,,$0.00,#DIV/0!,
FALSE,,,,,,,,,,,,,,,,$0.00,#DIV/0!,
FALSE,,,,,,,,,,,,,,,,$0.00,#DIV/0!,
FALSE,,,,,,,,,,,,,,,,$0.00,#DIV/0!,
FALSE,,,,,,,,,,,,,,,,$0.00,#DIV/0!,
FALSE,,,,,,,,,,,,,,,,$0.00,#DIV/0!,
FALSE,,,,,,,,,,,,,,,,$0.00,#DIV/0!,
FALSE,,,,,,,,,,,,,,,,$0.00,#DIV/0!,
FALSE,,,,,,,,,,,,,,,,$0.00,#DIV/0!,
FALSE,,,,,,,,,,,,,,,,$0.00,#DIV/0!,
FALSE,,,,,,,,,,,,,,,,$0.00,#DIV/0!,
FALSE,,,,,,,,,,,,,,,,$0.00,#DIV/0!,
FALSE,,,,,,,,,,,,,,,,$0.00,#DIV/0!,
FALSE,,,,,,,,,,,,,,,,$0.00,#DIV/0!,
FALSE,,,,,,,,,,,,,,,,$0.00,#DIV/0!,
FALSE,,,,,,,,,,,,,,,,$0.00,#DIV/0!,
FALSE,,,,,,,,,,,,,,,,$0.00,#DIV/0!,
FALSE,,,,,,,,,,,,,,,,$0.00,#DIV/0!,
FALSE,,,,,,,,,,,,,,,,$0.00,#DIV/0!,
FALSE,,,,,,,,,,,,,,,,$0.00,#DIV/0!,
FALSE,,,,,,,,,,,,,,,,$0.00,#DIV/0!,
FALSE,,,,,,,,,,,,,,,,$0.00,#DIV/0!,
FALSE,,,,,,,,,,,,,,,,$0.00,#DIV/0!,
FALSE,,,,,,,,,,,,,,,,$0.00,#DIV/0!,
FALSE,,,,,,,,,,,,,,,,$0.00,#DIV/0!,
FALSE,,,,,,,,,,,,,,,,$0.00,#DIV/0!,
FALSE,,,,,,,,,,,,,,,,$0.00,#DIV/0!,
FALSE,,,,,,,,,,,,,,,,$0.00,#DIV/0!,
FALSE,,,,,,,,,,,,,,,,$0.00,#DIV/0!,
FALSE,,,,,,,,,,,,,,,,$0.00,#DIV/0!,
FALSE,,,,,,,,,,,,,,,,$0.00,#DIV/0!,
FALSE,,,,,,,,,,,,,,,,$0.00,#DIV/0!,
FALSE,,,,,,,,,,,,,,,,$0.00,#DIV/0!,
FALSE,,,,,,,,,,,,,,,,$0.00,#DIV/0!,
FALSE,,,,,,,,,,,,,,,,$0.00,#DIV/0!,
FALSE,,,,,,,,,,,,,,,,$0.00,#DIV/0!,
FALSE,,,,,,,,,,,,,,,,$0.00,#DIV/0!,
FALSE,,,,,,,,,,,,,,,,$0.00,#DIV/0!,
FALSE,,,,,,,,,,,,,,,,$0.00,#DIV/0!,
FALSE,,,,,,,,,,,,,,,,$0.00,#DIV/0!,
FALSE,,,,,,,,,,,,,,,,$0.00,#DIV/0!,
FALSE,,,,,,,,,,,,,,,,$0.00,#DIV/0!,
FALSE,,,,,,,,,,,,,,,,$0.00,#DIV/0!,
FALSE,,,,,,,,,,,,,,,,$0.00,#DIV/0!,
FALSE,,,,,,,,,,,,,,,,$0.00,#DIV/0!,
FALSE,,,,,,,,,,,,,,,,$0.00,#DIV/0!,
FALSE,,,,,,,,,,,,,,,,$0.00,#DIV/0!,
FALSE,,,,,,,,,,,,,,,,$0.00,#DIV/0!,
FALSE,,,,,,,,,,,,,,,,$0.00,#DIV/0!,
FALSE,,,,,,,,,,,,,,,,$0.00,#DIV/0!,
FALSE,,,,,,,,,,,,,,,,$0.00,#DIV/0!,
FALSE,,,,,,,,,,,,,,,,$0.00,#DIV/0!,
FALSE,,,,,,,,,,,,,,,,$0.00,#DIV/0!,
FALSE,,,,,,,,,,,,,,,,$0.00,#DIV/0!,
FALSE,,,,,,,,,,,,,,,,$0.00,#DIV/0!,
FALSE,,,,,,,,,,,,,,,,$0.00,#DIV/0!,
FALSE,,,,,,,,,,,,,,,,$0.00,#DIV/0!,
FALSE,,,,,,,,,,,,,,,,$0.00,#DIV/0!,
FALSE,,,,,,,,,,,,,,,,$0.00,#DIV/0!,
FALSE,,,,,,,,,,,,,,,,$0.00,#DIV/0!,
FALSE,,,,,,,,,,,,,,,,$0.00,#DIV/0!,
FALSE,,,,,,,,,,,,,,,,$0.00,#DIV/0!,
FALSE,,,,,,,,,,,,,,,,$0.00,#DIV/0!,
FALSE,,,,,,,,,,,,,,,,$0.00,#DIV/0!,
FALSE,,,,,,,,,,,,,,,,$0.00,#DIV/0!,
FALSE,,,,,,,,,,,,,,,,$0.00,#DIV/0!,
FALSE,,,,,,,,,,,,,,,,$0.00,#DIV/0!,
FALSE,,,,,,,,,,,,,,,,$0.00,#DIV/0!,
FALSE,,,,,,,,,,,,,,,,$0.00,#DIV/0!,
FALSE,,,,,,,,,,,,,,,,$0.00,#DIV/0!,
FALSE,,,,,,,,,,,,,,,,$0.00,#DIV/0!,
FALSE,,,,,,,,,,,,,,,,$0.00,#DIV/0!,
FALSE,,,,,,,,,,,,,,,,$0.00,#DIV/0!,
FALSE,,,,,,,,,,,,,,,,$0.00,#DIV/0!,
FALSE,,,,,,,,,,,,,,,,$0.00,#DIV/0!,
FALSE,,,,,,,,,,,,,,,,$0.00,#DIV/0!,
FALSE,,,,,,,,,,,,,,,,$0.00,#DIV/0!,
FALSE,,,,,,,,,,,,,,,,$0.00,#DIV/0!,
FALSE,,,,,,,,,,,,,,,,$0.00,#DIV/0!,
FALSE,,,,,,,,,,,,,,,,$0.00,#DIV/0!,
FALSE,,,,,,,,,,,,,,,,$0.00,#DIV/0!,
FALSE,,,,,,,,,,,,,,,,$0.00,#DIV/0!,
FALSE,,,,,,,,,,,,,,,,$0.00,#DIV/0!,
FALSE,,,,,,,,,,,,,,,,$0.00,#DIV/0!,
FALSE,,,,,,,,,,,,,,,,$0.00,#DIV/0!,
FALSE,,,,,,,,,,,,,,,,$0.00,#DIV/0!,
FALSE,,,,,,,,,,,,,,,,$0.00,#DIV/0!,
FALSE,,,,,,,,,,,,,,,,$0.00,#DIV/0!,
FALSE,,,,,,,,,,,,,,,,$0.00,#DIV/0!,
FALSE,,,,,,,,,,,,,,,,$0.00,#DIV/0!,
FALSE,,,,,,,,,,,,,,,,$0.00,#DIV/0!,
FALSE,,,,,,,,,,,,,,,,$0.00,#DIV/0!,
FALSE,,,,,,,,,,,,,,,,$0.00,#DIV/0!,
FALSE,,,,,,,,,,,,,,,,$0.00,#DIV/0!,
FALSE,,,,,,,,,,,,,,,,$0.00,#DIV/0!,
FALSE,,,,,,,,,,,,,,,,$0.00,#DIV/0!,
FALSE,,,,,,,,,,,,,,,,$0.00,#DIV/0!,
FALSE,,,,,,,,,,,,,,,,$0.00,#DIV/0!,
FALSE,,,,,,,,,,,,,,,,$0.00,#DIV/0!,
FALSE,,,,,,,,,,,,,,,,$0.00,#DIV/0!,
FALSE,,,,,,,,,,,,,,,,$0.00,#DIV/0!,
FALSE,,,,,,,,,,,,,,,,$0.00,#DIV/0!,
FALSE,,,,,,,,,,,,,,,,$0.00,#DIV/0!,
FALSE,,,,,,,,,,,,,,,,$0.00,#DIV/0!,
FALSE,,,,,,,,,,,,,,,,$0.00,#DIV/0!,
FALSE,,,,,,,,,,,,,,,,$0.00,#DIV/0!,
FALSE,,,,,,,,,,,,,,,,$0.00,#DIV/0!,
FALSE,,,,,,,,,,,,,,,,$0.00,#DIV/0!,
FALSE,,,,,,,,,,,,,,,,$0.00,#DIV/0!,
FALSE,,,,,,,,,,,,,,,,$0.00,#DIV/0!,
FALSE,,,,,,,,,,,,,,,,$0.00,#DIV/0!,
FALSE,,,,,,,,,,,,,,,,$0.00,#DIV/0!,
FALSE,,,,,,,,,,,,,,,,$0.00,#DIV/0!,
FALSE,,,,,,,,,,,,,,,,$0.00,#DIV/0!,
FALSE,,,,,,,,,,,,,,,,$0.00,#DIV/0!,
FALSE,,,,,,,,,,,,,,,,$0.00,#DIV/0!,
FALSE,,,,,,,,,,,,,,,,$0.00,#DIV/0!,
FALSE,,,,,,,,,,,,,,,,$0.00,#DIV/0!,
FALSE,,,,,,,,,,,,,,,,$0.00,#DIV/0!,
FALSE,,,,,,,,,,,,,,,,$0.00,#DIV/0!,
FALSE,,,,,,,,,,,,,,,,$0.00,#DIV/0!,
FALSE,,,,,,,,,,,,,,,,$0.00,#DIV/0!,
FALSE,,,,,,,,,,,,,,,,$0.00,#DIV/0!,
FALSE,,,,,,,,,,,,,,,,$0.00,#DIV/0!,
FALSE,,,,,,,,,,,,,,,,$0.00,#DIV/0!,
FALSE,,,,,,,,,,,,,,,,$0.00,#DIV/0!,
FALSE,,,,,,,,,,,,,,,,$0.00,#DIV/0!,
FALSE,,,,,,,,,,,,,,,,$0.00,#DIV/0!,
FALSE,,,,,,,,,,,,,,,,$0.00,#DIV/0!,
FALSE,,,,,,,,,,,,,,,,$0.00,#DIV/0!,
FALSE,,,,,,,,,,,,,,,,$0.00,#DIV/0!,
FALSE,,,,,,,,,,,,,,,,$0.00,#DIV/0!,
FALSE,,,,,,,,,,,,,,,,$0.00,#DIV/0!,
FALSE,,,,,,,,,,,,,,,,$0.00,#DIV/0!,
FALSE,,,,,,,,,,,,,,,,$0.00,#DIV/0!,
FALSE,,,,,,,,,,,,,,,,$0.00,#DIV/0!,
FALSE,,,,,,,,,,,,,,,,$0.00,#DIV/0!,
FALSE,,,,,,,,,,,,,,,,$0.00,#DIV/0!,
FALSE,,,,,,,,,,,,,,,,$0.00,#DIV/0!,
FALSE,,,,,,,,,,,,,,,,$0.00,#DIV/0!,
FALSE,,,,,,,,,,,,,,,,$0.00,#DIV/0!,
FALSE,,,,,,,,,,,,,,,,$0.00,#DIV/0!,
FALSE,,,,,,,,,,,,,,,,$0.00,#DIV/0!,
FALSE,,,,,,,,,,,,,,,,$0.00,#DIV/0!,
FALSE,,,,,,,,,,,,,,,,$0.00,#DIV/0!,
FALSE,,,,,,,,,,,,,,,,$0.00,#DIV/0!,
FALSE,,,,,,,,,,,,,,,,$0.00,#DIV/0!,
FALSE,,,,,,,,,,,,,,,,$0.00,#DIV/0!,
FALSE,,,,,,,,,,,,,,,,$0.00,#DIV/0!,
FALSE,,,,,,,,,,,,,,,,$0.00,#DIV/0!,
FALSE,,,,,,,,,,,,,,,,$0.00,#DIV/0!,
FALSE,,,,,,,,,,,,,,,,$0.00,#DIV/0!,
FALSE,,,,,,,,,,,,,,,,$0.00,#DIV/0!,
FALSE,,,,,,,,,,,,,,,,$0.00,#DIV/0!,
FALSE,,,,,,,,,,,,,,,,$0.00,#DIV/0!,
FALSE,,,,,,,,,,,,,,,,$0.00,#DIV/0!,
FALSE,,,,,,,,,,,,,,,,$0.00,#DIV/0!,
FALSE,,,,,,,,,,,,,,,,$0.00,#DIV/0!,
FALSE,,,,,,,,,,,,,,,,$0.00,#DIV/0!,
FALSE,,,,,,,,,,,,,,,,$0.00,#DIV/0!,
FALSE,,,,,,,,,,,,,,,,$0.00,#DIV/0!,
FALSE,,,,,,,,,,,,,,,,$0.00,#DIV/0!,
FALSE,,,,,,,,,,,,,,,,$0.00,#DIV/0!,
FALSE,,,,,,,,,,,,,,,,$0.00,#DIV/0!,
FALSE,,,,,,,,,,,,,,,,$0.00,#DIV/0!,
FALSE,,,,,,,,,,,,,,,,$0.00,#DIV/0!,
FALSE,,,,,,,,,,,,,,,,$0.00,#DIV/0!,
FALSE,,,,,,,,,,,,,,,,$0.00,#DIV/0!,
FALSE,,,,,,,,,,,,,,,,$0.00,#DIV/0!,
FALSE,,,,,,,,,,,,,,,,$0.00,#DIV/0!,
FALSE,,,,,,,,,,,,,,,,$0.00,#DIV/0!,
FALSE,,,,,,,,,,,,,,,,$0.00,#DIV/0!,
FALSE,,,,,,,,,,,,,,,,$0.00,#DIV/0!,
FALSE,,,,,,,,,,,,,,,,$0.00,#DIV/0!,
FALSE,,,,,,,,,,,,,,,,$0.00,#DIV/0!,
FALSE,,,,,,,,,,,,,,,,$0.00,#DIV/0!,
FALSE,,,,,,,,,,,,,,,,$0.00,#DIV/0!,
FALSE,,,,,,,,,,,,,,,,$0.00,#DIV/0!,
FALSE,,,,,,,,,,,,,,,,$0.00,#DIV/0!,
FALSE,,,,,,,,,,,,,,,,$0.00,#DIV/0!,
FALSE,,,,,,,,,,,,,,,,$0.00,#DIV/0!,
FALSE,,,,,,,,,,,,,,,,$0.00,#DIV/0!,
FALSE,,,,,,,,,,,,,,,,$0.00,#DIV/0!,
FALSE,,,,,,,,,,,,,,,,$0.00,#DIV/0!,
FALSE,,,,,,,,,,,,,,,,$0.00,#DIV/0!,
FALSE,,,,,,,,,,,,,,,,$0.00,#DIV/0!,
FALSE,,,,,,,,,,,,,,,,$0.00,#DIV/0!,
FALSE,,,,,,,,,,,,,,,,$0.00,#DIV/0!,
FALSE,,,,,,,,,,,,,,,,$0.00,#DIV/0!,
FALSE,,,,,,,,,,,,,,,,$0.00,#DIV/0!,
FALSE,,,,,,,,,,,,,,,,$0.00,#DIV/0!,
FALSE,,,,,,,,,,,,,,,,$0.00,#DIV/0!,
FALSE,,,,,,,,,,,,,,,,$0.00,#DIV/0!,
FALSE,,,,,,,,,,,,,,,,$0.00,#DIV/0!,
FALSE,,,,,,,,,,,,,,,,$0.00,#DIV/0!,
FALSE,,,,,,,,,,,,,,,,$0.00,#DIV/0!,
FALSE,,,,,,,,,,,,,,,,$0.00,#DIV/0!,
FALSE,,,,,,,,,,,,,,,,$0.00,#DIV/0!,
FALSE,,,,,,,,,,,,,,,,$0.00,#DIV/0!,
FALSE,,,,,,,,,,,,,,,,$0.00,#DIV/0!,
FALSE,,,,,,,,,,,,,,,,$0.00,#DIV/0!,
FALSE,,,,,,,,,,,,,,,,$0.00,#DIV/0!,
FALSE,,,,,,,,,,,,,,,,$0.00,#DIV/0!,
FALSE,,,,,,,,,,,,,,,,$0.00,#DIV/0!,
FALSE,,,,,,,,,,,,,,,,$0.00,#DIV/0!,
FALSE,,,,,,,,,,,,,,,,$0.00,#DIV/0!,
FALSE,,,,,,,,,,,,,,,,$0.00,#DIV/0!,
FALSE,,,,,,,,,,,,,,,,$0.00,#DIV/0!,
FALSE,,,,,,,,,,,,,,,,$0.00,#DIV/0!,
FALSE,,,,,,,,,,,,,,,,$0.00,#DIV/0!,
FALSE,,,,,,,,,,,,,,,,$0.00,#DIV/0!,
FALSE,,,,,,,,,,,,,,,,$0.00,#DIV/0!,
FALSE,,,,,,,,,,,,,,,,$0.00,#DIV/0!,
FALSE,,,,,,,,,,,,,,,,$0.00,#DIV/0!,
FALSE,,,,,,,,,,,,,,,,$0.00,#DIV/0!,
FALSE,,,,,,,,,,,,,,,,$0.00,#DIV/0!,
FALSE,,,,,,,,,,,,,,,,$0.00,#DIV/0!,
FALSE,,,,,,,,,,,,,,,,$0.00,#DIV/0!,
FALSE,,,,,,,,,,,,,,,,$0.00,#DIV/0!,
FALSE,,,,,,,,,,,,,,,,$0.00,#DIV/0!,
FALSE,,,,,,,,,,,,,,,,$0.00,#DIV/0!,
FALSE,,,,,,,,,,,,,,,,$0.00,#DIV/0!,
FALSE,,,,,,,,,,,,,,,,$0.00,#DIV/0!,
FALSE,,,,,,,,,,,,,,,,$0.00,#DIV/0!,
FALSE,,,,,,,,,,,,,,,,$0.00,#DIV/0!,
FALSE,,,,,,,,,,,,,,,,$0.00,#DIV/0!,
FALSE,,,,,,,,,,,,,,,,$0.00,#DIV/0!,
FALSE,,,,,,,,,,,,,,,,$0.00,#DIV/0!,
FALSE,,,,,,,,,,,,,,,,$0.00,#DIV/0!,
FALSE,,,,,,,,,,,,,,,,$0.00,#DIV/0!,
FALSE,,,,,,,,,,,,,,,,$0.00,#DIV/0!,
FALSE,,,,,,,,,,,,,,,,$0.00,#DIV/0!,
FALSE,,,,,,,,,,,,,,,,$0.00,#DIV/0!,
FALSE,,,,,,,,,,,,,,,,$0.00,#DIV/0!,
FALSE,,,,,,,,,,,,,,,,$0.00,#DIV/0!,
FALSE,,,,,,,,,,,,,,,,$0.00,#DIV/0!,
FALSE,,,,,,,,,,,,,,,,$0.00,#DIV/0!,
FALSE,,,,,,,,,,,,,,,,$0.00,#DIV/0!,
FALSE,,,,,,,,,,,,,,,,$0.00,#DIV/0!,
FALSE,,,,,,,,,,,,,,,,$0.00,#DIV/0!,
FALSE,,,,,,,,,,,,,,,,$0.00,#DIV/0!,
FALSE,,,,,,,,,,,,,,,,$0.00,#DIV/0!,
FALSE,,,,,,,,,,,,,,,,$0.00,#DIV/0!,
FALSE,,,,,,,,,,,,,,,,$0.00,#DIV/0!,
FALSE,,,,,,,,,,,,,,,,$0.00,#DIV/0!,
FALSE,,,,,,,,,,,,,,,,$0.00,#DIV/0!,
FALSE,,,,,,,,,,,,,,,,$0.00,#DIV/0!,
FALSE,,,,,,,,,,,,,,,,$0.00,#DIV/0!,
FALSE,,,,,,,,,,,,,,,,$0.00,#DIV/0!,
FALSE,,,,,,,,,,,,,,,,$0.00,#DIV/0!,
FALSE,,,,,,,,,,,,,,,,$0.00,#DIV/0!,
FALSE,,,,,,,,,,,,,,,,$0.00,#DIV/0!,
FALSE,,,,,,,,,,,,,,,,$0.00,#DIV/0!,
FALSE,,,,,,,,,,,,,,,,$0.00,#DIV/0!,
FALSE,,,,,,,,,,,,,,,,$0.00,#DIV/0!,
FALSE,,,,,,,,,,,,,,,,$0.00,#DIV/0!,
FALSE,,,,,,,,,,,,,,,,$0.00,#DIV/0!,
FALSE,,,,,,,,,,,,,,,,$0.00,#DIV/0!,
FALSE,,,,,,,,,,,,,,,,$0.00,#DIV/0!,
FALSE,,,,,,,,,,,,,,,,$0.00,#DIV/0!,
FALSE,,,,,,,,,,,,,,,,$0.00,#DIV/0!,
FALSE,,,,,,,,,,,,,,,,$0.00,#DIV/0!,
FALSE,,,,,,,,,,,,,,,,$0.00,#DIV/0!,
FALSE,,,,,,,,,,,,,,,,$0.00,#DIV/0!,
FALSE,,,,,,,,,,,,,,,,$0.00,#DIV/0!,
FALSE,,,,,,,,,,,,,,,,$0.00,#DIV/0!,
FALSE,,,,,,,,,,,,,,,,$0.00,#DIV/0!,
FALSE,,,,,,,,,,,,,,,,$0.00,#DIV/0!,
FALSE,,,,,,,,,,,,,,,,$0.00,#DIV/0!,
FALSE,,,,,,,,,,,,,,,,$0.00,#DIV/0!,
FALSE,,,,,,,,,,,,,,,,$0.00,#DIV/0!,
FALSE,,,,,,,,,,,,,,,,$0.00,#DIV/0!,
FALSE,,,,,,,,,,,,,,,,$0.00,#DIV/0!,
FALSE,,,,,,,,,,,,,,,,$0.00,#DIV/0!,
FALSE,,,,,,,,,,,,,,,,$0.00,#DIV/0!,
FALSE,,,,,,,,,,,,,,,,$0.00,#DIV/0!,
FALSE,,,,,,,,,,,,,,,,$0.00,#DIV/0!,
FALSE,,,,,,,,,,,,,,,,$0.00,#DIV/0!,
FALSE,,,,,,,,,,,,,,,,$0.00,#DIV/0!,
FALSE,,,,,,,,,,,,,,,,$0.00,#DIV/0!,
FALSE,,,,,,,,,,,,,,,,$0.00,#DIV/0!,
FALSE,,,,,,,,,,,,,,,,$0.00,#DIV/0!,
FALSE,,,,,,,,,,,,,,,,$0.00,#DIV/0!,
FALSE,,,,,,,,,,,,,,,,$0.00,#DIV/0!,
FALSE,,,,,,,,,,,,,,,,$0.00,#DIV/0!,
FALSE,,,,,,,,,,,,,,,,$0.00,#DIV/0!,
FALSE,,,,,,,,,,,,,,,,$0.00,#DIV/0!,
FALSE,,,,,,,,,,,,,,,,$0.00,#DIV/0!,
FALSE,,,,,,,,,,,,,,,,$0.00,#DIV/0!,
FALSE,,,,,,,,,,,,,,,,$0.00,#DIV/0!,
FALSE,,,,,,,,,,,,,,,,$0.00,#DIV/0!,
FALSE,,,,,,,,,,,,,,,,$0.00,#DIV/0!,
FALSE,,,,,,,,,,,,,,,,$0.00,#DIV/0!,
FALSE,,,,,,,,,,,,,,,,$0.00,#DIV/0!,
FALSE,,,,,,,,,,,,,,,,$0.00,#DIV/0!,
FALSE,,,,,,,,,,,,,,,,$0.00,#DIV/0!,
FALSE,,,,,,,,,,,,,,,,$0.00,#DIV/0!,
FALSE,,,,,,,,,,,,,,,,$0.00,#DIV/0!,
FALSE,,,,,,,,,,,,,,,,$0.00,#DIV/0!,
FALSE,,,,,,,,,,,,,,,,$0.00,#DIV/0!,
FALSE,,,,,,,,,,,,,,,,$0.00,#DIV/0!,
FALSE,,,,,,,,,,,,,,,,$0.00,#DIV/0!,
FALSE,,,,,,,,,,,,,,,,$0.00,#DIV/0!,
FALSE,,,,,,,,,,,,,,,,$0.00,#DIV/0!,
FALSE,,,,,,,,,,,,,,,,$0.00,#DIV/0!,
FALSE,,,,,,,,,,,,,,,,$0.00,#DIV/0!,
FALSE,,,,,,,,,,,,,,,,$0.00,#DIV/0!,
FALSE,,,,,,,,,,,,,,,,$0.00,#DIV/0!,
FALSE,,,,,,,,,,,,,,,,$0.00,#DIV/0!,